"ID","SiteFK","Circle","Orientation","Code","Species"
"2786","78","4","D","DCD","American beech"
"2782","78","3","E","DBZ","American beech"
"2779","78","3","B","DBW","American beech"
"2706","2","3","D","CYC","American beech"
"2703","2","3","A","CXZ","Birch spp."
"2700","2","2","C","CXW","Paper birch"
"2697","2","1","E","CXT","American hornbeam"
"2695","2","1","C","CXR","Bigleaf maple"
"2764","77","12","B","DBH","Sweetgum"
"3087","89","2","E","DNS","N/A"
"3086","89","2","D","DNR","N/A"
"3085","89","2","C","DNQ","N/A"
"3084","89","2","B","DNP","N/A"
"3083","89","2","A","DNO","N/A"
"3082","89","1","E","DNN","N/A"
"3081","89","1","D","DNM","N/A"
"3080","89","1","C","DNL","N/A"
"3079","89","1","B","DNK","N/A"
"3078","89","1","A","DNJ","N/A"
"3077","88","2","E","DNI","White-cedar spp."
"3076","88","2","D","DNH","Winged elm"
"3075","88","2","C","DNG","Yellow-poplar"
"3074","88","2","B","DNF","Sugar maple"
"3073","88","2","A","DNE","Magnolia spp."
"3072","88","1","E","DND","Winged elm"
"3071","88","1","D","DNC","Lonicera japonica"
"3070","88","1","C","DNB","Lonicera japonica"
"3069","88","1","B","DNA","Lonicera japonica"
"3068","88","1","A","DMZ","Winged elm"
"3067","87","3","E","DMY","N/A"
"3066","87","3","D","DMX","N/A"
"3065","87","3","C","DMW","N/A"
"3064","87","3","B","DMV","N/A"
"3063","87","3","A","DMU","N/A"
"3062","87","2","E","DMT","N/A"
"3061","87","2","D","DMS","N/A"
"3060","87","2","C","DMR","N/A"
"3059","87","2","B","DMQ","N/A"
"3058","87","2","A","DMP","N/A"
"3057","87","1","E","DMO","N/A"
"3056","87","1","D","DMN","N/A"
"3055","87","1","C","DMM","N/A"
"3054","87","1","B","DML","N/A"
"3053","87","1","A","DMK","N/A"
"3052","86","4","E","DMJ","Red maple"
"3051","86","4","D","DMI","Black cherry"
"3050","86","4","C","DMH","Black cherry"
"3049","86","4","B","DMG","Black cherry"
"3048","86","4","A","DMF","Black cherry"
"3047","86","3","E","DME","Black cherry"
"3046","86","3","D","DMD","Black cherry"
"3045","86","3","C","DMC","Black cherry"
"3044","86","3","B","DMB","Black cherry"
"3043","86","3","A","DMA","Black cherry"
"3042","86","2","E","DLZ","Eastern redbud"
"3041","86","2","D","DLY","Pear"
"3040","86","2","C","DLX","Crepe myrtle"
"3039","86","2","B","DLW","Northern red oak"
"3038","86","2","A","DLV","Northern red oak"
"3037","86","1","E","DLU","American beech"
"3036","86","1","D","DLT","Northern red oak"
"3035","86","1","C","DLS","Black cherry"
"3034","86","1","B","DLR","Ironwood"
"3033","86","1","A","DLQ","Red maple"
"3032","85","3","E","DLP","N/A"
"3031","85","3","D","DLO","N/A"
"3030","85","3","C","DLN","N/A"
"3029","85","3","B","DLM","N/A"
"3028","85","3","A","DLL","N/A"
"3027","85","2","E","DLK","N/A"
"3026","85","2","D","DLJ","N/A"
"3025","85","2","C","DLI","N/A"
"3024","85","2","B","DLH","N/A"
"3023","85","2","A","DLG","N/A"
"3022","85","1","E","DLF","N/A"
"3021","85","1","D","DLE","N/A"
"3020","85","1","C","DLD","N/A"
"3019","85","1","B","DLC","N/A"
"3018","85","1","A","DLB","N/A"
"3017","61","5","E","DLA","N/A"
"3016","61","5","D","DKZ","N/A"
"3015","61","5","C","DKY","N/A"
"3014","61","5","B","DKX","N/A"
"3013","61","5","A","DKW","N/A"
"2937","55","20","E","DHY","Red maple"
"2936","55","20","D","DHX","Red maple"
"2935","55","20","C","DHW","Florida maple"
"2934","55","20","B","DHV","N/A"
"2933","55","20","A","DHU","Red maple"
"2932","55","19","E","DHT","American beech"
"2931","55","19","D","DHS","American beech"
"2930","55","19","C","DHR","American beech"
"2929","55","19","B","DHQ","American beech"
"2928","55","19","A","DHP","American hornbeam"
"2927","55","18","E","DHO","N/A"
"2926","55","18","D","DHN","Umbrella magnolia"
"2925","55","18","C","DHM","American beech"
"2924","55","18","B","DHL","Red maple"
"2923","55","18","A","DHK","Viburnum rufidulum"
"2922","55","17","E","DHJ","American beech"
"2918","55","17","A","DHF","Willow oak"
"2915","55","16","C","DHC","Swamp chestnut oak"
"2914","55","16","B","DHB","Pignut hickory"
"2912","55","15","E","DGZ","Blueberry vaccinium sp."
"2911","55","15","D","DGY","American hornbeam"
"2910","55","15","C","DGX","American hornbeam"
"2882","55","9","E","DFV","American beech"
"2881","55","9","D","DFU","Sweetgum"
"2880","55","9","C","DFT","Maple leaf viburnum"
"2879","55","9","B","DFS","Red maple"
"2878","55","9","A","DFR","Red maple"
"2877","55","8","E","DFQ","Chestnut oak"
"2876","55","8","D","DFP","American holly"
"2875","55","8","C","DFO","American beech"
"2874","55","8","B","DFN","N/A"
"2873","55","8","A","DFM","Red maple"
"2763","77","12","A","DBG","Sweetgum"
"2762","77","11","E","DBF","Common persimmon"
"2761","77","11","D","DBE","Common persimmon"
"2760","77","11","C","DBD","American sycamore"
"2759","77","11","B","DBC","Red maple"
"1481","40","1","A","BDY","N/A"
"1482","40","1","B","BDZ","N/A"
"1483","40","1","C","BEA","N/A"
"1484","40","1","D","BEB","N/A"
"1485","40","1","E","BEC","N/A"
"1486","40","2","A","BED","N/A"
"1487","40","2","B","BEE","N/A"
"1488","40","2","C","BEF","N/A"
"1489","40","2","D","BEG","N/A"
"1490","40","2","E","BEH","N/A"
"1491","40","3","A","BEI","N/A"
"1492","40","3","B","BEJ","N/A"
"1493","40","3","C","BEK","N/A"
"1494","40","3","D","BEL","N/A"
"1495","40","3","E","BEM","N/A"
"1496","40","4","A","BEN","N/A"
"1497","40","4","B","BEO","N/A"
"1498","40","4","C","BEP","N/A"
"1499","40","4","D","BEQ","N/A"
"1500","40","4","E","BER","N/A"
"1501","40","5","A","BES","N/A"
"1502","40","5","B","BET","N/A"
"1503","40","5","C","BEU","N/A"
"1504","40","5","D","BEV","N/A"
"1505","40","5","E","BEW","N/A"
"1506","40","6","A","BEX","N/A"
"1507","40","6","B","BEY","N/A"
"1508","40","6","C","BEZ","N/A"
"1509","40","6","D","BFA","N/A"
"1510","40","6","E","BFB","N/A"
"1560","44","4","E","BGZ","N/A"
"1559","44","4","D","BGY","N/A"
"1558","44","4","C","BGX","N/A"
"1557","44","4","B","BGW","N/A"
"1556","44","4","A","BGV","N/A"
"1555","44","3","E","BGU","N/A"
"1554","44","3","D","BGT","N/A"
"1553","44","3","C","BGS","N/A"
"1552","44","3","B","BGR","N/A"
"1551","44","3","A","BGQ","N/A"
"1550","44","2","E","BGP","N/A"
"1549","44","2","D","BGO","N/A"
"1548","44","2","C","BGN","N/A"
"1547","44","2","B","BGM","N/A"
"1546","44","2","A","BGL","N/A"
"1545","44","1","E","BGK","N/A"
"1544","44","1","D","BGJ","N/A"
"1543","44","1","C","BGI","N/A"
"1542","44","1","B","BGH","N/A"
"1541","44","1","A","BGG","N/A"
"1561","44","5","A","BHA","N/A"
"1562","44","5","B","BHB","N/A"
"1563","44","5","C","BHC","N/A"
"1564","44","5","D","BHD","N/A"
"1565","44","5","E","BHE","N/A"
"1566","44","6","A","BHF","N/A"
"1567","44","6","B","BHG","N/A"
"1568","44","6","C","BHH","N/A"
"1569","44","6","D","BHI","N/A"
"1570","44","6","E","BHJ","N/A"
"1571","45","1","A","BHK","N/A"
"1572","45","1","B","BHL","N/A"
"1573","45","1","C","BHM","N/A"
"1574","45","1","D","BHN","N/A"
"1575","45","1","E","BHO","N/A"
"1576","45","2","A","BHP","N/A"
"1577","45","2","B","BHQ","N/A"
"1578","45","2","C","BHR","N/A"
"1579","45","2","D","BHS","N/A"
"1580","45","2","E","BHT","N/A"
"1581","46","1","A","BHU","N/A"
"1582","46","1","B","BHV","N/A"
"1583","46","1","C","BHW","N/A"
"1584","46","1","D","BHX","N/A"
"1585","46","1","E","BHY","N/A"
"1586","46","2","A","BHZ","N/A"
"1587","46","2","B","BIA","N/A"
"1588","46","2","C","BIB","N/A"
"1589","46","2","D","BIC","N/A"
"1590","46","2","E","BID","N/A"
"1591","46","3","A","BIE","N/A"
"1592","46","3","B","BIF","N/A"
"1593","46","3","C","BIG","N/A"
"1594","46","3","D","BIH","N/A"
"1595","46","3","E","BII","N/A"
"1596","46","4","A","BIJ","N/A"
"1597","46","4","B","BIK","N/A"
"1598","46","4","C","BIL","N/A"
"1599","46","4","D","BIM","N/A"
"1600","46","4","E","BIN","N/A"
"2784","78","4","B","DCB","Red maple"
"2783","78","4","A","DCA","American beech"
"2780","78","3","C","DBX","Blackgum"
"2707","2","3","E","CYD","Sugar maple"
"2704","2","3","B","CYA","Black cherry"
"2701","2","2","D","CXX","Honeylocust"
"2698","2","2","A","CXU","Sweetgum"
"2694","2","1","B","CXQ","N/A"
"1852","55","1","A","BSF","White oak"
"2773","78","2","A","DBQ","Red oak"
"2772","78","1","E","DBP","Spicebush"
"2771","78","1","D","DBO","Pawpaw"
"2770","78","1","C","DBN","Winged elm"
"2769","78","1","B","DBM","Spicebush"
"2768","78","1","A","DBL","Spicebush"
"2767","77","12","E","DBK","Sweetgum"
"2766","77","12","D","DBJ","Sweetgum"
"2765","77","12","C","DBI","Hazel alder"
"3012","84","5","E","DKV","N/A"
"3011","84","5","D","DKU","N/A"
"3010","84","5","C","DKT","N/A"
"3009","84","5","B","DKS","N/A"
"3008","84","5","A","DKR","N/A"
"3007","84","4","E","DKQ","N/A"
"3006","84","4","D","DKP","N/A"
"3005","84","4","C","DKO","N/A"
"3004","84","4","B","DKN","N/A"
"3003","84","4","A","DKM","N/A"
"3002","84","3","E","DKL","N/A"
"3001","84","3","D","DKK","N/A"
"3000","84","3","C","DKJ","N/A"
"2999","84","3","B","DKI","N/A"
"2998","84","3","A","DKH","N/A"
"2997","84","2","E","DKG","N/A"
"2996","84","2","D","DKF","N/A"
"2995","84","2","C","DKE","N/A"
"2994","84","2","B","DKD","N/A"
"2993","84","2","A","DKC","N/A"
"2992","84","1","E","DKB","N/A"
"2991","84","1","D","DKA","N/A"
"2990","84","1","C","DJZ","N/A"
"2989","84","1","B","DJY","N/A"
"2988","84","1","A","DJX","N/A"
"2987","83","6","E","DJW","N/A"
"2986","83","6","D","DJV","N/A"
"2985","83","6","C","DJU","N/A"
"2984","83","6","B","DJT","N/A"
"2983","83","6","A","DJS","N/A"
"2982","83","5","E","DJR","N/A"
"2981","83","5","D","DJQ","N/A"
"2980","83","5","C","DJP","N/A"
"2979","83","5","B","DJO","N/A"
"2978","83","5","A","DJN","N/A"
"2977","83","4","E","DJM","N/A"
"2976","83","4","D","DJL","N/A"
"2975","83","4","C","DJK","N/A"
"2974","83","4","B","DJJ","N/A"
"2973","83","4","A","DJI","N/A"
"2972","83","3","E","DJH","N/A"
"2971","83","3","D","DJG","N/A"
"2970","83","3","C","DJF","N/A"
"2969","83","3","B","DJE","N/A"
"2968","83","3","A","DJD","N/A"
"2967","83","2","E","DJC","N/A"
"2966","83","2","D","DJB","N/A"
"2965","83","2","C","DJA","N/A"
"2964","83","2","B","DIZ","N/A"
"2963","83","2","A","DIY","N/A"
"2962","83","1","E","DIX","N/A"
"2961","83","1","D","DIW","N/A"
"2960","83","1","C","DIV","N/A"
"2959","83","1","B","DIU","N/A"
"2958","83","1","A","DIT","N/A"
"2957","82","4","E","DIS","N/A"
"2956","82","4","D","DIR","N/A"
"2955","82","4","C","DIQ","N/A"
"2954","82","4","B","DIP","N/A"
"2953","82","4","A","DIO","N/A"
"2952","82","3","E","DIN","N/A"
"2951","82","3","D","DIM","N/A"
"2950","82","3","C","DIL","N/A"
"2949","82","3","B","DIK","N/A"
"2948","82","3","A","DIJ","N/A"
"2947","82","2","E","DII","N/A"
"2946","82","2","D","DIH","N/A"
"2945","82","2","C","DIG","N/A"
"2944","82","2","B","DIF","N/A"
"2943","82","2","A","DIE","N/A"
"2942","82","1","E","DID","N/A"
"2941","82","1","D","DIC","N/A"
"2940","82","1","C","DIB","N/A"
"2939","82","1","B","DIA","N/A"
"2938","82","1","A","DHZ","N/A"
"2920","55","17","C","DHH","American hornbeam"
"2919","55","17","B","DHG","American hornbeam"
"2916","55","16","D","DHD","Sweetgum"
"2888","55","11","A","DGB","American hornbeam"
"2887","55","10","E","DGA","American holly"
"2886","55","10","D","DFZ","Maple leaf viburnum"
"2885","55","10","C","DFY","American beech"
"2884","55","10","B","DFX","Red maple"
"2883","55","10","A","DFW","Red maple"
"2872","81","3","E","DFL","Sweetgum"
"2871","81","3","D","DFK","American beech"
"2870","81","3","C","DFJ","Pignut hickory"
"2869","81","3","B","DFI","Southern magnolia"
"2868","81","3","A","DFH","Pignut hickory"
"2867","81","2","E","DFG","Symplocos tinctoria"
"2866","81","2","D","DFF","Sweetgum"
"2065","61","1","D","CAK","N/A"
"2064","61","1","C","CAJ","N/A"
"2063","61","1","B","CAI","N/A"
"2062","61","1","A","CAH","N/A"
"2757","77","10","E","DBA","Flowering dogwood"
"2756","77","10","D","DAZ","Boxelder"
"2755","77","10","C","DAY","White mulberry"
"2754","77","10","B","DAX","Black oak"
"2753","77","10","A","DAW","Common persimmon"
"2752","77","9","E","DAV","Sweetgum"
"2751","77","9","D","DAU","Sweetgum"
"2750","77","9","C","DAT","Common persimmon"
"2749","77","9","B","DAS","Boxelder"
"2748","77","9","A","DAR","Boxelder"
"2747","77","8","E","DAQ","Chalk maple"
"2746","77","8","D","DAP","Slippery elm"
"2745","77","8","C","DAO","American beech"
"2744","77","8","B","DAN","Chalk maple"
"2743","77","8","A","DAM","Chalk maple"
"2742","77","7","E","DAL","Sweetgum"
"2741","77","7","D","DAK","Sweetgum"
"2740","77","7","C","DAJ","Pin oak"
"2739","77","7","B","DAI","Common persimmon"
"2738","77","7","A","DAH","Pin oak"
"2737","77","6","E","DAG","Dwarf pawpaw"
"2736","77","6","D","DAF","Common persimmon"
"2735","77","6","C","DAE","Fringetree"
"2734","77","6","B","DAD","Common persimmon"
"2733","77","6","A","DAC","Carolina ash"
"2732","77","5","E","DAB","Sweetgum"
"2731","77","5","D","DAA","Red maple"
"2730","77","5","C","CZZ","Tuliptree"
"2729","77","5","B","CZY","Dwarf pawpaw"
"2728","77","5","A","CZX","American bladdernut"
"2727","77","4","E","CZW","Boxelder"
"2726","77","4","D","CZV","Sweetgum"
"2725","77","4","C","CZU","Common persimmon"
"2724","77","4","B","CZT","American hazelnut"
"2723","77","4","A","CZS","Sweetgum"
"2722","77","3","E","CZR","Cucumber magnolia"
"2721","77","3","D","CZQ","Bitternut hickory"
"2720","77","3","C","CZP","Sweetgum"
"2719","77","3","B","CZO","Carolina silverbell"
"2718","77","3","A","CZN","Common persimmon"
"2717","77","2","E","CZM","Boxelder"
"2716","77","2","D","CZL","Sweetgum"
"2715","77","2","C","CZK","Sweetgum"
"2714","77","2","B","CZJ","Sweetgum"
"2713","77","2","A","CZI","Red maple"
"2712","77","1","E","CZH","Common persimmon"
"2711","77","1","D","CZG","Boxelder"
"2710","77","1","C","CZF","Boxelder"
"2709","77","1","B","CZE","Boxelder"
"2708","77","1","A","CZD","White mulberry"
"1601","47","1","A","BIO","N/A"
"1602","47","1","B","BIP","N/A"
"1603","47","1","C","BIQ","N/A"
"1604","47","1","D","BIR","N/A"
"1605","47","1","E","BIS","N/A"
"1606","47","2","A","BIT","N/A"
"1607","47","2","B","BIU","N/A"
"1608","47","2","C","BIV","N/A"
"1609","47","2","D","BIW","N/A"
"1610","47","2","E","BIX","N/A"
"1611","47","3","A","BIY","N/A"
"1612","47","3","B","BIZ","N/A"
"1613","47","3","C","BJA","N/A"
"1614","47","3","D","BJB","N/A"
"1615","47","3","E","BJC","N/A"
"1616","47","4","A","BJD","N/A"
"1617","47","4","B","BJE","N/A"
"1618","47","4","C","BJF","N/A"
"1619","47","4","D","BJG","N/A"
"1620","47","4","E","BJH","N/A"
"1621","47","5","A","BJI","N/A"
"1622","47","5","B","BJJ","N/A"
"1623","47","5","C","BJK","N/A"
"1624","47","5","D","BJL","N/A"
"1625","47","5","E","BJM","N/A"
"1626","47","6","A","BJN","N/A"
"1627","47","6","B","BJO","N/A"
"1628","47","6","C","BJP","N/A"
"1629","47","6","D","BJQ","N/A"
"1630","47","6","E","BJR","N/A"
"1631","45","3","A","BJS","N/A"
"1632","45","3","B","BJT","N/A"
"1633","45","3","C","BJU","N/A"
"1634","45","3","D","BJV","N/A"
"1635","45","3","E","BJW","N/A"
"1636","45","4","A","BJX","N/A"
"1637","45","4","B","BJY","N/A"
"1638","45","4","C","BJZ","N/A"
"1639","45","4","D","BKA","N/A"
"1640","45","4","E","BKB","N/A"
"1641","45","5","A","BKC","N/A"
"1642","45","5","B","BKD","N/A"
"1643","45","5","C","BKE","N/A"
"1644","45","5","D","BKF","N/A"
"1645","45","5","E","BKG","N/A"
"1646","45","6","A","BKH","N/A"
"1647","45","6","B","BKI","N/A"
"1648","45","6","C","BKJ","N/A"
"1649","45","6","D","BKK","N/A"
"1650","45","6","E","BKL","N/A"
"2921","55","17","D","DHI","American hornbeam"
"2917","55","16","E","DHE","Swamp chestnut oak"
"2913","55","16","A","DHA","American beech"
"2909","55","15","B","DGW","American hornbeam"
"2908","55","15","A","DGV","Blueberry vaccinium sp."
"2907","55","14","E","DGU","American hornbeam"
"2906","55","14","D","DGT","Florida maple"
"2905","55","14","C","DGS","American hornbeam"
"2904","55","14","B","DGR","Florida maple"
"2903","55","14","A","DGQ","Yellow buckeye"
"2902","55","13","E","DGP","Sweetgum"
"2901","55","13","D","DGO","Spicebush"
"2900","55","13","C","DGN","Umbrella magnolia"
"2899","55","13","B","DGM","Umbrella magnolia"
"2897","55","12","E","DGK","American holly"
"2896","55","12","D","DGJ","Pawpaw"
"2895","55","12","C","DGI","Pawpaw"
"2898","55","13","A","DGL","Red maple"
"2894","55","12","B","DGH","American hornbeam"
"2893","55","12","A","DGG","Pawpaw"
"2892","55","11","E","DGF","American hornbeam"
"2891","55","11","D","DGE","Blueberry vaccinium sp."
"2890","55","11","C","DGD","American hornbeam"
"2889","55","11","B","DGC","American hornbeam"
"2841","80","3","D","DEG","American beech"
"2840","80","3","C","DEF","Mockernut hickory"
"2838","80","3","A","DED","Sweetgum"
"2837","80","2","E","DEC","Black oak"
"2835","80","2","C","DEA","Sweetgum"
"1676","48","1","A","BLL","N/A"
"1677","48","1","B","BLM","N/A"
"1678","48","1","C","BLN","N/A"
"1679","48","1","D","BLO","N/A"
"1680","48","1","E","BLP","N/A"
"1681","48","2","A","BLQ","N/A"
"1682","48","2","B","BLR","N/A"
"1683","48","2","C","BLS","N/A"
"1684","48","2","D","BLT","N/A"
"1685","48","2","E","BLU","N/A"
"1686","48","3","A","BLV","N/A"
"1687","48","3","B","BLW","N/A"
"1688","48","3","C","BLX","N/A"
"1689","48","3","D","BLY","N/A"
"1690","48","3","E","BLZ","N/A"
"1691","48","4","A","BMA","N/A"
"1692","48","4","B","BMB","N/A"
"1693","48","4","C","BMC","N/A"
"1694","48","4","D","BMD","N/A"
"1695","48","4","E","BME","N/A"
"1696","48","5","A","BMF","N/A"
"1697","48","5","B","BMG","N/A"
"1698","48","5","C","BMH","N/A"
"1699","48","5","D","BMI","N/A"
"1700","48","5","E","BMJ","N/A"
"1701","48","6","A","BMK","N/A"
"1702","48","6","B","BML","N/A"
"1703","48","6","C","BMM","N/A"
"1704","48","6","D","BMN","N/A"
"1705","48","6","E","BMO","N/A"
"1706","49","1","A","BMP","N/A"
"1707","49","1","B","BMQ","N/A"
"1708","49","1","C","BMR","N/A"
"1709","49","1","D","BMS","N/A"
"1710","49","1","E","BMT","N/A"
"1711","49","2","A","BMU","N/A"
"1712","49","2","B","BMV","N/A"
"1713","49","2","C","BMW","N/A"
"1714","49","2","D","BMX","N/A"
"1715","49","2","E","BMY","N/A"
"1716","49","3","A","BMZ","N/A"
"1717","49","3","B","BNA","N/A"
"1718","49","3","C","BNB","N/A"
"1719","49","3","D","BNC","N/A"
"1720","49","3","E","BND","N/A"
"1721","49","4","A","BNE","N/A"
"1722","49","4","B","BNF","N/A"
"1723","49","4","C","BNG","N/A"
"1724","49","4","D","BNH","N/A"
"1725","49","4","E","BNI","N/A"
"1726","49","5","A","BNJ","N/A"
"1727","49","5","B","BNK","N/A"
"1728","49","5","C","BNL","N/A"
"1729","49","5","D","BNM","N/A"
"1730","49","5","E","BNN","N/A"
"1731","49","6","A","BNO","N/A"
"1732","49","6","B","BNP","N/A"
"1733","49","6","C","BNQ","N/A"
"1734","49","6","D","BNR","N/A"
"1735","49","6","E","BNS","N/A"
"1736","50","1","A","BNT","N/A"
"1737","50","1","B","BNU","N/A"
"1738","50","1","C","BNV","N/A"
"1739","50","1","D","BNW","N/A"
"1740","50","1","E","BNX","N/A"
"1741","50","2","A","BNY","N/A"
"1742","50","2","B","BNZ","N/A"
"1743","50","2","C","BOA","N/A"
"1744","50","2","D","BOB","N/A"
"1745","50","2","E","BOC","N/A"
"1746","50","3","A","BOD","N/A"
"1747","50","3","B","BOE","N/A"
"1748","50","3","C","BOF","N/A"
"1749","50","3","D","BOG","N/A"
"1750","50","3","E","BOH","N/A"
"1751","50","4","A","BOI","N/A"
"1752","50","4","B","BOJ","N/A"
"1753","50","4","C","BOK","N/A"
"1754","50","4","D","BOL","N/A"
"1755","50","4","E","BOM","N/A"
"1756","50","5","A","BON","N/A"
"1757","50","5","B","BOO","N/A"
"1758","50","5","C","BOP","N/A"
"1759","50","5","D","BOQ","N/A"
"1760","50","5","E","BOR","N/A"
"1761","50","6","A","BOS","N/A"
"1762","50","6","B","BOT","N/A"
"1763","50","6","C","BOU","N/A"
"1764","50","6","D","BOV","N/A"
"1765","50","6","E","BOW","N/A"
"1766","50","7","A","BOX","N/A"
"1767","50","7","B","BOY","N/A"
"1768","50","7","C","BOZ","N/A"
"1769","50","7","D","BPA","N/A"
"1770","50","7","E","BPB","N/A"
"1771","50","8","A","BPC","N/A"
"1772","50","8","B","BPD","N/A"
"1773","50","8","C","BPE","N/A"
"1774","50","8","D","BPF","N/A"
"1775","50","8","E","BPG","N/A"
"1776","51","1","A","BPH","Paper birch"
"1777","51","1","B","BPI","Paper birch"
"1778","51","1","C","BPJ","Alder spp."
"1779","51","1","D","BPK","Alder spp."
"1780","51","1","E","BPL","American holly"
"1781","51","2","A","BPM","American holly"
"1782","51","2","B","BPN","American holly"
"1783","51","2","C","BPO","American holly"
"1784","51","2","D","BPP","Paper birch"
"1785","51","2","E","BPQ","N/A"
"1786","51","3","A","BPR","American holly"
"1787","51","3","B","BPS","Paper birch"
"1788","51","3","C","BPT","American holly"
"1789","51","3","D","BPU","Paper birch"
"1790","51","3","E","BPV","Paper birch"
"1791","51","4","A","BPW","Paper birch"
"1792","51","4","B","BPX","Paper birch"
"1793","51","4","C","BPY","Paper birch"
"1794","51","4","D","BPZ","Paper birch"
"1795","51","4","E","BQA","Paper birch"
"1796","52","1","A","BQB","American mountain-ash"
"1797","52","1","B","BQC","N/A"
"1798","52","1","C","BQD","Red maple"
"1799","52","1","D","BQE","N/A"
"1800","52","1","E","BQF","N/A"
"1801","52","2","A","BQG","N/A"
"1802","52","2","B","BQH","N/A"
"1803","52","2","C","BQI","N/A"
"1804","52","2","D","BQJ","Alder spp."
"1805","52","2","E","BQK","American holly"
"1806","52","3","A","BQL","Red maple"
"1807","52","3","B","BQM","Red maple"
"1808","52","3","C","BQN","American mountain-ash"
"1809","52","3","D","BQO","Alder spp."
"1810","52","3","E","BQP","Red maple"
"1811","52","4","A","BQQ","Paper birch"
"1812","52","4","B","BQR","Alder spp."
"1813","52","4","C","BQS","Alder spp."
"1814","52","4","D","BQT","American holly"
"1815","52","4","E","BQU","N/A"
"1816","53","1","A","BQV","N/A"
"1817","53","1","B","BQW","N/A"
"1818","53","1","C","BQX","N/A"
"1819","53","1","D","BQY","N/A"
"1820","53","1","E","BQZ","N/A"
"1821","53","2","A","BRA","N/A"
"1822","53","2","B","BRB","N/A"
"1823","53","2","C","BRC","N/A"
"1824","53","2","D","BRD","N/A"
"1825","53","2","E","BRE","N/A"
"1837","54","2","A","BRQ","American elm"
"1832","54","1","A","BRL","Sugar maple"
"1833","54","1","B","BRM","Sugar maple"
"1834","54","1","C","BRN","American beech"
"1835","54","1","D","BRO","Sugar maple"
"1836","54","1","E","BRP","Sugar maple"
"1838","54","2","B","BRR","American beech"
"1839","54","2","C","BRS","Sugar maple"
"1840","54","2","D","BRT","American beech"
"1841","54","2","E","BRU","American beech"
"1842","54","3","A","BRV","American beech"
"1843","54","3","B","BRW","American beech"
"1844","54","3","C","BRX","American beech"
"1845","54","3","D","BRY","American beech"
"1846","54","3","E","BRZ","American beech"
"1847","54","4","A","BSA","American beech"
"1848","54","4","B","BSB","American hornbeam"
"1849","54","4","C","BSC","American beech"
"1850","54","4","D","BSD","American beech"
"1851","54","4","E","BSE","American elm"
"1853","55","1","B","BSG","American holly"
"1854","55","1","C","BSH","Sweetgum"
"1855","55","1","D","BSI","American beech"
"1856","55","1","E","BSJ","American beech"
"1857","55","2","A","BSK","Red maple"
"1858","55","2","B","BSL","American hornbeam"
"1859","55","2","C","BSM","American hornbeam"
"1860","55","2","D","BSN","American beech"
"1861","55","2","E","BSO","Red maple"
"1862","55","3","A","BSP","N/A"
"1863","55","3","B","BSQ","Blackgum"
"1864","55","3","C","BSR","N/A"
"1865","55","3","D","BSS","N/A"
"1866","55","3","E","BST","Sweetgum"
"1867","55","4","A","BSU","Pignut hickory"
"1868","55","4","B","BSV","Red maple"
"1869","55","4","C","BSW","Pignut hickory"
"1870","55","4","D","BSX","N/A"
"1871","55","4","E","BSY","Sweetgum"
"1872","56","1","A","BSZ","N/A"
"1873","56","1","B","BTA","N/A"
"1874","56","1","C","BTB","N/A"
"1875","56","1","D","BTC","N/A"
"1876","56","1","E","BTD","N/A"
"1877","56","2","A","BTE","N/A"
"1878","56","2","B","BTF","N/A"
"1879","56","2","C","BTG","N/A"
"1880","56","2","D","BTH","N/A"
"1881","56","2","E","BTI","N/A"
"1882","56","3","A","BTJ","N/A"
"1883","56","3","B","BTK","N/A"
"1884","56","3","C","BTL","N/A"
"1885","56","3","D","BTM","N/A"
"1886","56","3","E","BTN","N/A"
"1887","56","4","A","BTO","N/A"
"1888","56","4","B","BTP","N/A"
"1889","56","4","C","BTQ","N/A"
"1890","56","4","D","BTR","N/A"
"1891","56","4","E","BTS","N/A"
"1892","56","5","A","BTT","N/A"
"1893","56","5","B","BTU","N/A"
"1894","56","5","C","BTV","N/A"
"1895","56","5","D","BTW","N/A"
"1896","56","5","E","BTX","N/A"
"1897","56","6","A","BTY","N/A"
"1898","56","6","B","BTZ","N/A"
"1899","56","6","C","BUA","N/A"
"1900","56","6","D","BUB","N/A"
"1901","56","6","E","BUC","N/A"
"1902","57","1","A","BUD","N/A"
"1903","57","1","B","BUE","N/A"
"1904","57","1","C","BUF","N/A"
"1905","57","1","D","BUG","N/A"
"1906","57","1","E","BUH","N/A"
"1907","57","2","A","BUI","N/A"
"1908","57","2","B","BUJ","N/A"
"1909","57","2","C","BUK","N/A"
"1910","57","2","D","BUL","N/A"
"1911","57","2","E","BUM","N/A"
"1912","57","3","A","BUN","N/A"
"1913","57","3","B","BUO","N/A"
"1914","57","3","C","BUP","N/A"
"1915","57","3","D","BUQ","N/A"
"1916","57","3","E","BUR","N/A"
"1917","57","4","A","BUS","N/A"
"1918","57","4","B","BUT","N/A"
"1919","57","4","C","BUU","N/A"
"1920","57","4","D","BUV","N/A"
"1921","57","4","E","BUW","N/A"
"1922","57","5","A","BUX","N/A"
"1923","57","5","B","BUY","N/A"
"1924","57","5","C","BUZ","N/A"
"1925","57","5","D","BVA","N/A"
"1926","57","5","E","BVB","N/A"
"1927","57","6","A","BVC","N/A"
"1928","57","6","B","BVD","N/A"
"1929","57","6","C","BVE","N/A"
"1930","57","6","D","BVF","N/A"
"1931","57","6","E","BVG","N/A"
"1952","59","3","A","BWB","N/A"
"1951","59","2","E","BWA","N/A"
"1950","59","2","D","BVZ","N/A"
"1949","59","2","C","BVY","N/A"
"1948","59","2","B","BVX","N/A"
"1947","59","2","A","BVW","N/A"
"1946","59","1","E","BVV","N/A"
"1945","59","1","D","BVU","N/A"
"1944","59","1","C","BVT","N/A"
"1943","59","1","B","BVS","N/A"
"1942","59","1","A","BVR","N/A"
"1953","59","3","B","BWC","N/A"
"1954","59","3","C","BWD","N/A"
"1955","59","3","D","BWE","N/A"
"1956","59","3","E","BWF","N/A"
"2785","78","4","C","DCC","American beech"
"2781","78","3","D","DBY","American beech"
"2778","78","3","A","DBV","American beech"
"2705","2","3","C","CYB","Black cherry"
"2702","2","2","E","CXY","Paper birch"
"2699","2","2","B","CXV","Red maple"
"2696","2","1","D","CXS","Oak spp."
"2693","2","1","A","CXP","Sugar maple"
"2839","80","3","B","DEE","Sourwood"
"2836","80","2","D","DEB","Sweetgum"
"2758","77","11","A","DBB","Sourwood"
"1957","60","1","A","BWG","Eastern redbud"
"1958","60","1","B","BWH","Siberian elm"
"1959","60","1","C","BWI","Eastern redbud"
"1960","60","1","D","BWJ","Oak spp."
"1961","60","1","E","BWK","Unknown"
"1962","60","2","A","BWL","Flowering dogwood"
"1963","60","2","B","BWM","Flowering dogwood"
"1964","60","2","C","BWN","Flowering dogwood"
"1965","60","2","D","BWO","Flowering dogwood"
"1966","60","2","E","BWP","Flowering dogwood"
"1967","60","3","A","BWQ","Unknown"
"1968","60","3","B","BWR","Eastern redbud"
"1969","60","3","C","BWS","White oak"
"1970","60","3","D","BWT","Unknown"
"1971","60","3","E","BWU","Unknown"
"1972","60","4","A","BWV","Flowering dogwood"
"1973","60","4","B","BWW","Flowering dogwood"
"1974","60","4","C","BWX","Yellow-poplar"
"1975","60","4","D","BWY","Southern red oak"
"1976","60","4","E","BWZ","Serviceberry spp."
"1977","60","5","A","BXA","Eastern redbud"
"1978","60","5","B","BXB","Red maple"
"1979","60","5","C","BXC","Southern red oak"
"1980","60","5","D","BXD","Serviceberry spp."
"1981","60","5","E","BXE","Serviceberry spp."
"1982","60","6","A","BXF","Eastern redbud"
"1983","60","6","B","BXG","Eastern redbud"
"1984","60","6","C","BXH","Eastern redbud"
"1985","60","6","D","BXI","Unknown"
"1986","60","6","E","BXJ","Scarlet oak"
"1987","60","7","A","BXK","White oak"
"1988","60","7","B","BXL","American beech"
"1989","60","7","C","BXM","Red maple"
"1990","60","7","D","BXN","Flowering dogwood"
"1991","60","7","E","BXO","Flowering dogwood"
"1992","60","8","A","BXP","Unknown spp."
"1993","60","8","B","BXQ","Sweetgum"
"1994","60","8","C","BXR","Unknown spp."
"1995","60","8","D","BXS","Unknown spp."
"1996","60","8","E","BXT","Elm spp."
"1997","60","9","A","BXU","White oak"
"1998","60","9","B","BXV","Elm spp."
"1999","60","9","C","BXW","Black cherry"
"2000","60","9","D","BXX","Unknown spp."
"2001","60","9","E","BXY","Black cherry"
"2002","60","10","A","BXZ","Black cherry"
"2003","60","10","B","BYA","Sugar maple"
"2004","60","10","C","BYB","Black cherry"
"2005","60","10","D","BYC","Eastern redbud"
"2006","60","10","E","BYD","Elm spp."
"2007","60","11","A","BYE","Sugar maple"
"2008","60","11","B","BYF","Sugar maple"
"2009","60","11","C","BYG","Sweetgum"
"2010","60","11","D","BYH","Black cherry"
"2011","60","11","E","BYI","Black cherry"
"2012","60","12","A","BYJ","Elm spp."
"2013","60","12","B","BYK","Sweetgum"
"2014","60","12","C","BYL","Elm spp."
"2015","60","12","D","BYM","Elm spp."
"2016","60","12","E","BYN","Unknown spp."
"2017","60","13","A","BYO","Eastern redbud"
"2018","60","13","B","BYP","Red maple"
"2019","60","13","C","BYQ","Black cherry"
"2020","60","13","D","BYR","Red maple"
"2021","60","13","E","BYS","Flowering dogwood"
"2022","60","14","A","BYT","Flowering dogwood"
"2023","60","14","B","BYU","Flowering dogwood"
"2024","60","14","C","BYV","Sweetgum"
"2025","60","14","D","BYW","Sweetgum"
"2026","60","14","E","BYX","White oak"
"2027","60","15","A","BYY","Buckeye spp."
"2028","60","15","B","BYZ","Buckeye spp."
"2029","60","15","C","BZA","Dogwood spp."
"2030","60","15","D","BZB","Witch hazel"
"2031","60","15","E","BZC","Buckeye spp."
"2032","60","16","A","BZD","Japanese apricot"
"2033","60","16","B","BZE","Japanese apricot"
"2034","60","16","C","BZF","Stiff dogwood"
"2035","60","16","D","BZG","Dogwood spp."
"2036","60","16","E","BZH","Amur maple"
"2037","60","17","A","BZI","Japanese apricot"
"2038","60","17","B","BZJ","Japanese snowbell"
"2039","60","17","C","BZK","Cornelian-cherry dogwood"
"2040","60","17","D","BZL","Weeping knoss dogwood"
"2041","60","17","E","BZM","Red buckeye"
"2042","60","18","A","BZN","Big-leaf dogwood"
"2043","60","18","B","BZO","Fragrant wintersweet"
"2044","60","18","C","BZP","Carolina silverbell"
"2045","60","18","D","BZQ","Japanese maple"
"2046","60","18","E","BZR","Chinese quince"
"2047","60","19","A","BZS","Willow oak"
"2048","60","19","B","BZT","European spindletree"
"2049","60","19","C","BZU","Japanese apricot"
"2050","60","19","D","BZV","Sweet birch"
"2051","60","19","E","BZW","Yeddo euonymous"
"2052","60","20","A","BZX","Sugar maple"
"2053","60","20","B","BZY","Beech spp."
"2054","60","20","C","BZZ","Eastern redbud"
"2055","60","20","D","CAA","Trident maple"
"2056","60","20","E","CAB","Yeddo euonymous"
"2066","61","1","E","CAL","N/A"
"2067","61","2","A","CAM","N/A"
"2068","61","2","B","CAN","N/A"
"2069","61","2","C","CAO","N/A"
"2070","61","2","D","CAP","N/A"
"2071","61","2","E","CAQ","N/A"
"2072","61","3","A","CAR","N/A"
"2073","61","3","B","CAS","N/A"
"2074","61","3","C","CAT","N/A"
"2075","61","3","D","CAU","N/A"
"2076","61","3","E","CAV","N/A"
"2077","61","4","A","CAW","N/A"
"2078","61","4","B","CAX","N/A"
"2079","61","4","C","CAY","N/A"
"2080","61","4","D","CAZ","N/A"
"2081","61","4","E","CBA","N/A"
"2082","62","1","A","CBB","American beech"
"2083","62","1","B","CBC","Black cherry"
"2084","62","1","C","CBD","River birch"
"2085","62","1","D","CBE","Eastern redcedar"
"2086","62","1","E","CBF","Shagbark hickory"
"2087","62","2","A","CBG","N/A"
"2088","62","2","B","CBH","N/A"
"2089","62","2","C","CBI","N/A"
"2090","62","2","D","CBJ","N/A"
"2091","62","2","E","CBK","N/A"
"2092","62","3","A","CBL","N/A"
"2093","62","3","B","CBM","N/A"
"2094","62","3","C","CBN","N/A"
"2095","62","3","D","CBO","N/A"
"2096","62","3","E","CBP","N/A"
"2097","62","4","A","CBQ","N/A"
"2098","62","4","B","CBR","N/A"
"2099","62","4","C","CBS","N/A"
"2100","62","4","D","CBT","N/A"
"2101","62","4","E","CBU","N/A"
"2102","62","5","A","CBV","N/A"
"2103","62","5","B","CBW","N/A"
"2104","62","5","C","CBX","N/A"
"2105","62","5","D","CBY","N/A"
"2106","62","5","E","CBZ","N/A"
"2107","63","1","A","CCA","Red maple"
"2108","63","1","B","CCB","Mountain laurel"
"2109","63","1","C","CCC","Catawba rhododendron"
"2110","63","1","D","CCD","Yellow-poplar"
"2111","63","1","E","CCE","Eastern hemlock"
"2112","63","2","A","CCF","Red maple"
"2113","63","2","B","CCG","Mountain laurel"
"2114","63","2","C","CCH","Eastern white pine"
"2115","63","2","D","CCI","Eastern hemlock"
"2116","63","2","E","CCJ","Mountain laurel"
"2117","63","3","A","CCK","Virginia pine"
"2118","63","3","B","CCL","Serviceberry spp."
"2119","63","3","C","CCM","N/A"
"2120","63","3","D","CCN","Cherry and plum spp."
"2121","63","3","E","CCO","N/A"
"2122","63","4","A","CCP","Eastern hemlock"
"2123","63","4","B","CCQ","Eastern hemlock"
"2124","63","4","C","CCR","Rhododendron spp."
"2125","63","4","D","CCS","Mountain laurel"
"2126","63","4","E","CCT","N/A"
"2127","63","5","A","CCU","Rhododendron spp."
"2128","63","5","B","CCV","Red maple"
"2129","63","5","C","CCW","American holly"
"2130","63","5","D","CCX","Kalmia latifolia"
"2131","63","5","E","CCY","Eastern hemlock"
"2132","63","6","A","CCZ","Red maple"
"2133","63","6","B","CDA","Red maple"
"2134","63","6","C","CDB","Red maple"
"2135","63","6","D","CDC","Rhododendron spp."
"2136","63","6","E","CDD","Rhododendron spp."
"2137","60","21","A","CDE","American elm"
"2138","60","21","B","CDF","American elm"
"2139","60","21","C","CDG","Loebner magnolia"
"2140","60","21","D","CDH","Willow oak"
"2141","60","21","E","CDI","Hedge maple"
"2142","60","22","A","CDJ","Possumhaw"
"2143","60","22","B","CDK","Ironwood"
"2144","60","22","C","CDL","American beech"
"2145","60","22","D","CDM","American beech"
"2146","60","22","E","CDN","American beech"
"2147","60","23","A","CDO","Nutmeg hickory"
"2148","60","23","B","CDP","Basswood spp."
"2149","60","23","C","CDQ","Spicebush"
"2150","60","23","D","CDR","Pin oak"
"2151","60","23","E","CDS","Persian ironwood"
"2152","60","24","A","CDT","Dogwood spp."
"2153","60","24","B","CDU","Osage orange"
"2154","60","24","C","CDV","Spicebush"
"2155","60","24","D","CDW","Witch hazel"
"2156","60","24","E","CDX","Horned maple"
"2157","55","5","A","CDY","Black cherry"
"2158","55","5","B","CDZ","American beech"
"2159","55","5","C","CEA","Pignut hickory"
"2160","55","5","D","CEB","Pignut hickory"
"2161","55","5","E","CEC","Mockernut hickory"
"2834","80","2","B","DDZ","Ironwood"
"2833","80","2","A","DDY","Red maple"
"2832","80","1","E","DDX","Red maple"
"2831","80","1","D","DDW","White ash"
"2830","80","1","C","DDV","Sweetgum"
"2829","80","1","B","DDU","Red maple"
"2828","80","1","A","DDT","Mockernut hickory"
"2827","79","4","E","DDS","N/A"
"2826","79","4","D","DDR","N/A"
"2825","79","4","C","DDQ","N/A"
"2824","79","4","B","DDP","N/A"
"2823","79","4","A","DDO","N/A"
"2822","79","3","E","DDN","N/A"
"2821","79","3","D","DDM","N/A"
"2820","79","3","C","DDL","N/A"
"2819","79","3","B","DDK","N/A"
"2818","79","3","A","DDJ","N/A"
"2817","79","2","E","DDI","N/A"
"2816","79","2","D","DDH","N/A"
"2815","79","2","C","DDG","N/A"
"2814","79","2","B","DDF","N/A"
"2813","79","2","A","DDE","N/A"
"2812","79","1","E","DDD","N/A"
"2811","79","1","D","DDC","N/A"
"2810","79","1","C","DDB","N/A"
"2809","79","1","B","DDA","N/A"
"2808","79","1","A","DCZ","N/A"
"2807","78","8","E","DCY","Sugar maple"
"2806","78","8","D","DCX","Sugar maple"
"2805","78","8","C","DCW","Spicebush"
"2804","78","8","B","DCV","Sugar maple"
"2803","78","8","A","DCU","Sugar maple"
"2802","78","7","E","DCT","American beech"
"2801","78","7","D","DCS","Sugar maple"
"2800","78","7","C","DCR","American beech"
"2799","78","7","B","DCQ","Spicebush"
"2798","78","7","A","DCP","American beech"
"2797","78","6","E","DCO","Sourwood"
"2796","78","6","D","DCN","Sugar maple"
"2795","78","6","C","DCM","American beech"
"2794","78","6","B","DCL","American beech"
"2793","78","6","A","DCK","Sugar maple"
"2792","78","5","E","DCJ","American beech"
"2791","78","5","D","DCI","Blackgum"
"2790","78","5","C","DCH","Sourwood"
"2789","78","5","B","DCG","American beech"
"2788","78","5","A","DCF","Red maple"
"2787","78","4","E","DCE","Sugar maple"
"2777","78","2","E","DBU","Spicebush"
"2776","78","2","D","DBT","Spicebush"
"2775","78","2","C","DBS","American beech"
"2774","78","2","B","DBR","Spicebush"
"2865","81","2","C","DFE","American holly"
"2864","81","2","B","DFD","Symplocos tinctoria"
"2863","81","2","A","DFC","American holly"
"2862","81","1","E","DFB","Southern magnolia"
"2861","81","1","D","DFA","Sweetgum"
"2860","81","1","C","DEZ","Redbay"
"2859","81","1","B","DEY","Sweetgum"
"2858","81","1","A","DEX","Water oak"
"2857","55","7","E","DEW","White oak"
"2856","55","7","D","DEV","Chestnut oak"
"2855","55","7","C","DEU","Sweetgum"
"2854","55","7","B","DET","Black cherry"
"2853","55","7","A","DES","Pignut hickory"
"2852","55","6","E","DER","American beech"
"2851","55","6","D","DEQ","American holly"
"2850","55","6","C","DEP","American beech"
"2849","55","6","B","DEO","American beech"
"2848","55","6","A","DEN","Mockernut hickory"
"2847","80","4","E","DEM","Ironwood"
"2846","80","4","D","DEL","Alternate-leaf dogwood"
"2845","80","4","C","DEK","Black oak"
"2844","80","4","B","DEJ","Sweetgum"
"2843","80","4","A","DEI","Mockernut hickory"
"2842","80","3","E","DEH","American beech"
"2282","65","1","A","CIT","Sweetgum"
"2283","65","1","B","CIU","Sweetgum"
"2284","65","1","C","CIV","Ilex vomitoria"
"2285","65","1","D","CIW","N/A"
"2286","65","1","E","CIX","Sweetgum"
"2287","65","2","A","CIY","Chinese tallowtree"
"2288","65","2","B","CIZ","Chinese tallowtree"
"2289","65","2","C","CJA","Chinese tallowtree"
"2290","65","2","D","CJB","Chinese tallowtree"
"2291","65","2","E","CJC","Chinese tallowtree"
"2292","66","1","A","CJD","N/A"
"2293","66","1","B","CJE","Morella cerifera"
"2294","66","1","C","CJF","Ilex vomitoria"
"2295","66","1","D","CJG","Morella cerifera"
"2296","66","1","E","CJH","Morella cerifera"
"2297","66","2","A","CJI","Chinese tallowtree"
"2298","66","2","B","CJJ","Morella cerifera"
"2299","66","2","C","CJK","Ilex vomitoria"
"2300","66","2","D","CJL","Morella cerifera"
"2301","66","2","E","CJM","Chinese tallowtree"
"2302","67","1","A","CJN","Magnolia spp."
"2303","67","1","B","CJO","N/A"
"2304","67","1","C","CJP","Magnolia spp."
"2305","67","1","D","CJQ","Shrub"
"2306","67","1","E","CJR","N/A"
"2307","67","2","A","CJS","Shrub"
"2308","67","2","B","CJT","N/A"
"2309","67","2","C","CJU","N/A"
"2310","67","2","D","CJV","N/A"
"2311","67","2","E","CJW","N/A"
"2312","67","3","A","CJX","Tulip"
"2313","67","3","B","CJY","River birch"
"2314","67","3","C","CJZ","N/A"
"2315","67","3","D","CKA","River birch"
"2316","67","3","E","CKB","Flowering dogwood"
"2317","67","4","A","CKC","Oak spp."
"2318","67","4","B","CKD","Willow oak"
"2319","67","4","C","CKE","Live oak"
"2320","67","4","D","CKF","White oak"
"2321","67","4","E","CKG","Oak spp."
"2322","67","5","A","CKH","Gingko"
"2323","67","5","B","CKI","N/A"
"2324","67","5","C","CKJ","Gingko"
"2325","67","5","D","CKK","Sumac"
"2326","67","5","E","CKL","Magnolia spp."
"2327","67","6","A","CKM","Cherry and plum spp."
"2328","67","6","B","CKN","Gingko"
"2329","67","6","C","CKO","Cherry and plum spp."
"2330","67","6","D","CKP","Cherry and plum spp."
"2331","67","6","E","CKQ","Cherry and plum spp."
"2332","67","7","A","CKR","Hawthorn spp."
"2333","67","7","B","CKS","Maple spp."
"2334","67","7","C","CKT","Cherry and plum spp."
"2335","67","7","D","CKU","Shrub"
"2336","67","7","E","CKV","N/A"
"2337","67","8","A","CKW","N/A"
"2338","67","8","B","CKX","N/A"
"2339","67","8","C","CKY","N/A"
"2340","67","8","D","CKZ","N/A"
"2341","67","8","E","CLA","N/A"
"2342","67","9","A","CLB","N/A"
"2343","67","9","B","CLC","N/A"
"2344","67","9","C","CLD","N/A"
"2345","67","9","D","CLE","N/A"
"2346","67","9","E","CLF","N/A"
"2347","67","10","A","CLG","N/A"
"2348","67","10","B","CLH","N/A"
"2349","67","10","C","CLI","N/A"
"2350","67","10","D","CLJ","N/A"
"2351","67","10","E","CLK","N/A"
"2352","68","1","A","CLL","N/A"
"2353","68","1","B","CLM","Red maple"
"2354","68","1","C","CLN","Red maple"
"2355","68","1","D","CLO","N/A"
"2356","68","1","E","CLP","Crepe myrtle"
"2357","68","2","A","CLQ","Japanese maple"
"2358","68","2","B","CLR","Japanese maple"
"2359","68","2","C","CLS","Chestnut oak"
"2360","68","2","D","CLT","Japanese maple"
"2361","68","2","E","CLU","Japanese maple"
"2362","68","3","A","CLV","N/A"
"2363","68","3","B","CLW","Rose of sharon"
"2364","68","3","C","CLX","Merrill magnolia"
"2365","68","3","D","CLY","N/A"
"2366","68","3","E","CLZ","Pawpaw"
"2367","68","4","A","CMA","Crepe myrtle"
"2368","68","4","B","CMB","Ginkgo"
"2369","68","4","C","CMC","Catalpa spp."
"2370","68","4","D","CMD","Elm spp."
"2371","68","4","E","CME","N/A"
"2372","68","5","A","CMF","Dogwood spp."
"2373","68","5","B","CMG","Southern magnolia"
"2374","68","5","C","CMH","Chinese evergreen oak"
"2375","68","5","D","CMI","N/A"
"2376","68","5","E","CMJ","N/A"
"2377","68","6","A","CMK","Red maple"
"2378","68","6","B","CML","Red maple"
"2379","68","6","C","CMM","Red maple"
"2380","68","6","D","CMN","Laurel oak"
"2381","68","6","E","CMO","Red maple"
"2382","68","7","A","CMP","Tulip poplar"
"2383","68","7","B","CMQ","Tulip poplar"
"2384","68","7","C","CMR","Tulip poplar"
"2385","68","7","D","CMS","Tulip poplar"
"2386","68","7","E","CMT","Tulip poplar"
"2387","68","8","A","CMU","N/A"
"2388","68","8","B","CMV","American beech"
"2389","68","8","C","CMW","Japanese maple"
"2390","68","8","D","CMX","N/A"
"2391","68","8","E","CMY","N/A"
"2392","68","9","A","CMZ","Willow oak"
"2393","68","9","B","CNA","N/A"
"2394","68","9","C","CNB","N/A"
"2395","68","9","D","CNC","N/A"
"2396","68","9","E","CND","N/A"
"2397","68","10","A","CNE","Red mulberry"
"2398","68","10","B","CNF","Hornbeam"
"2399","68","10","C","CNG","Sugar maple"
"2400","68","10","D","CNH","Swamp white oak"
"2401","68","10","E","CNI","Hickory spp."
"2402","68","11","A","CNJ","American beech"
"2403","68","11","B","CNK","Elm spp."
"2404","68","11","C","CNL","American beech"
"2405","68","11","D","CNM","N/A"
"2406","68","11","E","CNN","N/A"
"2407","69","1","A","CNO","Flowering dogwood"
"2408","69","1","B","CNP","Flowering dogwood"
"2409","69","1","C","CNQ","Japanese maple"
"2410","69","1","D","CNR","Sugar maple"
"2411","69","1","E","CNS","Flowering dogwood"
"2412","69","2","A","CNT","N/A"
"2413","69","2","B","CNU","N/A"
"2414","69","2","C","CNV","N/A"
"2415","69","2","D","CNW","N/A"
"2416","69","2","E","CNX","N/A"
"2417","69","3","A","CNY","N/A"
"2418","69","3","B","CNZ","N/A"
"2419","69","3","C","COA","N/A"
"2420","69","3","D","COB","N/A"
"2421","69","3","E","COC","N/A"
"2422","69","4","A","COD","N/A"
"2423","69","4","B","COE","N/A"
"2424","69","4","C","COF","N/A"
"2425","69","4","D","COG","N/A"
"2426","69","4","E","COH","N/A"
"2427","69","5","A","COI","N/A"
"2428","69","5","B","COJ","N/A"
"2429","69","5","C","COK","N/A"
"2430","69","5","D","COL","N/A"
"2431","69","5","E","COM","N/A"
"2432","70","1","A","CON","Witch hazel"
"2433","70","1","B","COO","Eastern redbud"
"2434","70","1","C","COP","Carolina silverbell"
"2435","70","1","D","COQ","Viburnum plicatum"
"2436","70","1","E","COR","Magnolia spp."
"2437","70","2","A","COS","N/A"
"2438","70","2","B","COT","N/A"
"2439","70","2","C","COU","N/A"
"2440","70","2","D","COV","N/A"
"2441","70","2","E","COW","N/A"
"2442","71","1","A","COX","Coastal azalea"
"2443","71","1","B","COY","Sassafras"
"2444","71","1","C","COZ","Azalea spp."
"2445","71","1","D","CPA","Plumleaf azalea"
"2446","71","1","E","CPB","Piedmont azalea"
"2447","71","2","A","CPC","Spicebush"
"2448","71","2","B","CPD","Florida azalea"
"2449","71","2","C","CPE","Spicebush"
"2450","71","2","D","CPF","Rhododendron canescens"
"2451","71","2","E","CPG","Rhododendron austrinum"
"2452","72","1","A","CPH","Common spicebush"
"2453","72","1","B","CPI","Flowering dogwood"
"2454","72","1","C","CPJ","American hornbeam"
"2455","72","1","D","CPK","Pawpaw"
"2456","72","1","E","CPL","Flowering dogwood"
"2457","72","2","A","CPM","N/A"
"2458","72","2","B","CPN","N/A"
"2459","72","2","C","CPO","N/A"
"2460","72","2","D","CPP","N/A"
"2461","72","2","E","CPQ","N/A"
"2462","65","3","A","CPR","Southern magnolia"
"2463","65","3","B","CPS","Morella cerifera"
"2464","65","3","C","CPT","Ilex vomitoria"
"2465","65","3","D","CPU","Water oak"
"2466","65","3","E","CPV","Sweetgum"
"2467","65","4","A","CPW","Ilex vomitoria"
"2468","65","4","B","CPX","Chinese tallowtree"
"2469","65","4","C","CPY","Chinese tallowtree"
"2470","65","4","D","CPZ","Ilex vomitoria"
"2471","65","4","E","CQA","Water oak"
"2472","65","5","A","CQB","Water oak"
"2473","65","5","B","CQC","Morella cerifera"
"2474","65","5","C","CQD","Chinese tallowtree"
"2475","65","5","D","CQE","Ilex vomitoria"
"2476","65","5","E","CQF","N/A"
"2477","65","6","A","CQG","Southern magnolia"
"2478","65","6","B","CQH","Sweetgum"
"2479","65","6","C","CQI","Morella cerifera"
"2480","65","6","D","CQJ","N/A"
"2481","65","6","E","CQK","Chinese tallowtree"
"2482","65","7","A","CQL","Morella cerifera"
"2483","65","7","B","CQM","N/A"
"2484","65","7","C","CQN","Morella cerifera"
"2485","65","7","D","CQO","Morella cerifera"
"2486","65","7","E","CQP","N/A"
"2487","65","8","A","CQQ","American holly"
"2488","65","8","B","CQR","Ilex vomitoria"
"2489","65","8","C","CQS","Ilex vomitoria"
"2490","65","8","D","CQT","Ilex vomitoria"
"2491","65","8","E","CQU","Ilex vomitoria"
"2492","65","9","A","CQV","Sweetgum"
"2493","65","9","B","CQW","Ilex vomitoria"
"2494","65","9","C","CQX","Morella cerifera"
"2495","65","9","D","CQY","Sweetgum"
"2496","65","9","E","CQZ","Morella cerifera"
"2497","65","10","A","CRA","Sweetgum"
"2498","65","10","B","CRB","Ilex vomitoria"
"2499","65","10","C","CRC","Morella cerifera"
"2500","65","10","D","CRD","Morella cerifera"
"2501","65","10","E","CRE","Morella cerifera"
"2502","66","3","A","CRF","Ilex vomitoria"
"2503","66","3","B","CRG","Ilex vomitoria"
"2504","66","3","C","CRH","Morella cerifera"
"2505","66","3","D","CRI","Ilex vomitoria"
"2506","66","3","E","CRJ","Ilex vomitoria"
"2507","66","4","A","CRK","American holly"
"2508","66","4","B","CRL","American beech"
"2509","66","4","C","CRM","Chinese tallowtree"
"2510","66","4","D","CRN","Chinese tallowtree"
"2511","66","4","E","CRO","Ilex vomitoria"
"2512","66","5","A","CRP","Morella cerifera"
"2513","66","5","B","CRQ","Ilex vomitoria"
"2514","66","5","C","CRR","Live oak"
"2515","66","5","D","CRS","American holly"
"2516","66","5","E","CRT","Ilex vomitoria"
"2517","66","6","A","CRU","Ilex vomitoria"
"2518","66","6","B","CRV","Ilex vomitoria"
"2519","66","6","C","CRW","Ilex vomitoria"
"2520","66","6","D","CRX","Morella cerifera"
"2521","66","6","E","CRY","Morella cerifera"
"2522","66","7","A","CRZ","Symplocos tinctoria"
"2523","66","7","B","CSA","Symplocos tinctoria"
"2524","66","7","C","CSB","Symplocos tinctoria"
"2525","66","7","D","CSC","Symplocos tinctoria"
"2526","66","7","E","CSD","Symplocos tinctoria"
"2527","66","8","A","CSE","Morella cerifera"
"2528","66","8","B","CSF","Ilex vomitoria"
"2529","66","8","C","CSG","Morella cerifera"
"2530","66","8","D","CSH","Ilex vomitoria"
"2531","66","8","E","CSI","Ilex vomitoria"
"2532","73","1","A","CSJ","American hornbeam"
"2533","73","1","B","CSK","Sweetgum"
"2534","73","1","C","CSL","Tuliptree"
"2535","73","1","D","CSM","Eastern redbud"
"2536","73","1","E","CSN","Sweetgum"
"2537","73","2","A","CSO","Red maple"
"2538","73","2","B","CSP","American hornbeam"
"2539","73","2","C","CSQ","American hornbeam"
"2540","73","2","D","CSR","American hornbeam"
"2541","73","2","E","CSS","Red maple"
"2542","73","3","A","CST","Spicebush"
"2543","73","3","B","CSU","Carolina silverbell"
"2544","73","3","C","CSV","Spicebush"
"2545","73","3","D","CSW","White oak"
"2546","73","3","E","CSX","American holly"
"2547","73","4","A","CSY","American hornbeam"
"2548","73","4","B","CSZ","Sweetgum"
"2549","73","4","C","CTA","Highbush blueberry"
"2550","73","4","D","CTB","American hornbeam"
"2551","73","4","E","CTC","American hornbeam"
"2552","73","5","A","CTD","Flowering dogwood"
"2553","73","5","B","CTE","American hornbeam"
"2554","73","5","C","CTF","American hornbeam"
"2555","73","5","D","CTG","Sweetgum"
"2556","73","5","E","CTH","Sweetgum"
"2557","73","6","A","CTI","American hornbeam"
"2558","73","6","B","CTJ","American hornbeam"
"2559","73","6","C","CTK","American hornbeam"
"2560","73","6","D","CTL","American hornbeam"
"2561","73","6","E","CTM","American hornbeam"
"2562","73","7","A","CTN","American hornbeam"
"2563","73","7","B","CTO","American hornbeam"
"2564","73","7","C","CTP","American hornbeam"
"2565","73","7","D","CTQ","American hornbeam"
"2566","73","7","E","CTR","American hornbeam"
"2567","73","8","A","CTS","Sugar maple"
"2568","73","8","B","CTT","American hornbeam"
"2569","73","8","C","CTU","American hornbeam"
"2570","73","8","D","CTV","Sweetgum"
"2571","73","8","E","CTW","Sweetgum"
"2572","74","1","A","CTX","Pear tree"
"2573","74","1","B","CTY","Red maple"
"2574","74","1","C","CTZ","Honeylocust"
"2575","74","1","D","CUA","Paper birch"
"2576","74","1","E","CUB","Paper birch"
"2577","74","2","A","CUC","Honeysuckle"
"2578","74","2","B","CUD","Birch spp."
"2579","74","2","C","CUE","Autumn olive"
"2580","74","2","D","CUF","Honeysuckle"
"2581","74","2","E","CUG","Birch spp."
"2582","74","3","A","CUH","Black cherry"
"2583","74","3","B","CUI","Black cherry"
"2584","74","3","C","CUJ","Hawthorn spp."
"2585","74","3","D","CUK","Black cherry"
"2586","74","3","E","CUL","Black cherry"
"2677","66","10","E","CXY","Sweetgum"
"2588","74","4","B","CUN","Sugar maple"
"2589","74","4","C","CUO","Sugar maple"
"2590","74","4","D","CUP","Sugar maple"
"2591","74","4","E","CUQ","Black cherry"
"2592","74","4","A","CUR","Beech"
"2676","66","10","D","CXX","Morella cerifera"
"2675","66","10","C","CXW","Morella cerifera"
"2674","66","10","B","CXV","American holly"
"2673","66","10","A","CXU","Quercus montana"
"2672","66","9","E","CXT","Sweetgum"
"2671","66","9","D","CXS","Ilex vomitoria"
"2670","66","9","C","CXR","Morella cerifera"
"2669","66","9","B","CXQ","Vaccinum corymbosum"
"2668","66","9","A","CXP","American holly"
"2613","75","1","A","CVM","Red maple"
"2614","75","1","B","CVN","Willow oak"
"2615","75","1","C","CVO","Red maple"
"2616","75","1","D","CVP","Red maple"
"2617","75","1","E","CVQ","Sumac?"
"2618","75","2","A","CVR","Red maple"
"2619","75","2","B","CVS","N/A"
"2620","75","2","C","CVT","N/A"
"2621","75","2","D","CVU","Willow oak"
"2622","75","2","E","CVV","Red maple"
"2623","75","3","A","CVW","Sumac?"
"2624","75","3","B","CVX","Maple spp."
"2625","75","3","C","CVY","Flowering dogwood"
"2626","75","3","D","CVZ","N/A"
"2627","75","3","E","CWA","N/A"
"2628","75","4","A","CWB","Red maple"
"2629","75","4","B","CWC","Magnolia spp."
"2630","75","4","C","CWD","Red maple"
"2631","75","4","D","CWE","N/A"
"2632","75","4","E","CWF","Willow oak"
"2633","75","5","A","CWG","Willow oak"
"2634","75","5","B","CWH","Willow oak"
"2635","75","5","C","CWI","Crepe myrtle"
"2636","75","5","D","CWJ","N/A"
"2637","75","5","E","CWK","N/A"
"2638","76","1","A","CWL","N/A"
"2639","76","1","B","CWM","N/A"
"2640","76","1","C","CWN","N/A"
"2641","76","1","D","CWO","N/A"
"2642","76","1","E","CWP","N/A"
"2643","76","2","A","CWQ","N/A"
"2644","76","2","B","CWR","N/A"
"2645","76","2","C","CWS","N/A"
"2646","76","2","D","CWT","N/A"
"2647","76","2","E","CWU","N/A"
"2648","76","3","A","CWV","N/A"
"2649","76","3","B","CWW","N/A"
"2650","76","3","C","CWX","N/A"
"2651","76","3","D","CWY","N/A"
"2652","76","3","E","CWZ","N/A"
"2653","76","4","A","CXA","N/A"
"2654","76","4","B","CXB","N/A"
"2655","76","4","C","CXC","N/A"
"2656","76","4","D","CXD","N/A"
"2657","76","4","E","CXE","N/A"
"2658","76","5","A","CXF","N/A"
"2659","76","5","B","CXG","N/A"
"2660","76","5","C","CXH","N/A"
"2661","76","5","D","CXI","N/A"
"2662","76","5","E","CXJ","N/A"
"2663","76","6","A","CXK","N/A"
"2664","76","6","B","CXL","N/A"
"2665","76","6","C","CXM","N/A"
"2666","76","6","D","CXN","N/A"
"2667","76","6","E","CXO","N/A"
