"ID","UserFKOfObserver","PlantFK","LocalDate","LocalTime","ObservationMethod","Notes","WetLeaves","PlantSpecies","NumberOfLeaves","AverageLeafLength","HerbivoryScore","SubmittedThroughApp","MinimumTemperature","MaximumTemperature"
"243","663","2393","2018-04-12","14:08:00","Visual",,"0","American holly","50","60","1","1","9999","9999"
"171","511","2524","2018-04-11","14:49:00","Visual","Larvae sacks , flowering","0","Symplocos tinctoria","50","60","2","1","9999","9999"
"172","508","2296","2018-04-11","14:53:00","Visual",,"0","Morella cerifera","50","4","1","1","9999","9999"
"170","508","2293","2018-04-11","14:47:00","Visual",,"0","Morella cerifera","50","7","1","1","9999","9999"
"872","425","1980","2018-04-19","16:00:00","Visual",,"0","Serviceberry spp.","50","30","0","1","9999","9999"
"871","427","1979","2018-04-19","16:00:00","Visual",,"0","Southern red oak","50","30","0","1","9999","9999"
"870","812","2031","2018-04-23","14:30:00","Visual",,"0","Buckeye spp.","50","10","2","1","9999","9999"
"869","809","1960","2018-04-23","14:06:00","Visual","No wet leaves even though raining","0","Oak spp.","50","10","1","1","9999","9999"
"168","507","2514","2018-04-11","14:46:00","Visual",,"0","Live oak","50","35","3","1","9999","9999"
"169","511","2523","2018-04-11","14:46:00","Visual","Larvae sacks","0","Symplocos tinctoria","50","60","3","1","9999","9999"
"242","663","2393","2018-04-12","13:57:00","Visual",,"0","American holly","50","60","1","1","9999","9999"
"241","630","2360","2018-04-12","13:37:00","Visual",,"0","Japanese maple","50","6","1","1","9999","9999"
"240","659","2357","2018-04-12","14:03:00","Visual","Pink Leaves","0","Japanese maple","50","1","0","1","9999","9999"
"239","659","2357","2018-04-12","13:48:00","Visual",,"0","Japanese maple","50","1","0","1","9999","9999"
"238","623","2355","2018-04-12","13:47:00","Visual","Not many leaves, mostly small leaves.","0","Rocky mountain maple","50","4","2","1","9999","9999"
"237","624","2383","2018-04-12","14:00:00","Visual",,"0","Tulip poplar","50","60","0","1","9999","9999"
"236","625","2395","2018-04-12","13:40:00","Visual",,"0","Tulip poplar","50","60","1","1","9999","9999"
"235","668","2392","2018-04-12","13:57:00","Visual",,"0","Willow oak","50","5","2","1","9999","9999"
"234","637","2356","2018-04-12","13:48:00","Visual",,"0","Crepe myrtle","50","1","1","1","9999","9999"
"233","645","2382","2018-04-12","13:45:00","Visual","BIO 105 In Class Reaearch","0","Tulip poplar","50","30","1","1","9999","9999"
"232","644","2362","2018-04-12","13:54:00","Visual",,"0","Oak spp.","50","32","1","1","9999","9999"
"231","640","2395","2018-04-12","13:37:00","Visual",,"0","Yellow-poplar","50","30","0","1","9999","9999"
"230","626","2384","2018-04-12","13:53:00","Visual",,"0","Tulip poplar","50","3","1","1","9999","9999"
"229","20","2693","2018-04-12","13:49:00","Visual",,"0","Sugar maple","50","25","1","1","9999","9999"
"228","646","2358","2018-04-12","13:47:00","Visual",,"0","Japanese maple","50","5","0","1","9999","9999"
"227","20","2693","2018-04-12","13:45:00","Visual",,"0","Sugar maple","50","25","1","1","9999","9999"
"226","20","2693","2018-04-12","13:28:00","Visual",,"0","Sugar maple","50","2","0","1","9999","9999"
"225","26","2693","2018-04-12","13:42:00","Visual",,"0","Sugar maple","50","5","0","1","9999","9999"
"224","26","2693","2018-04-12","13:35:00","Visual",,"0","Sugar maple","50","2","0","1","9999","9999"
"223","221","2395","2018-04-12","13:38:00","Visual",,"0","F","50","9","3","1","9999","9999"
"222","26","2693","2018-04-12","13:29:00","Visual",,"0","Sugar maple","50","2","1","1","9999","9999"
"221","20","2693","2018-04-12","13:27:00","Visual",,"0","Sugar maple","50","5","1","1","9999","9999"
"220","26","2693","2018-04-12","13:23:00","Visual",,"0","Sugar maple","50","5","1","1","9999","9999"
"219","20","2704","2018-04-12","09:30:00","Beat sheet",,"0","Black cherry","1","5","3","1","9999","9999"
"218","20","2704","2018-04-12","09:30:00","Beat sheet",,"0","Black cherry","1","5","3","1","9999","9999"
"217","20","2704","2018-04-12","09:30:00","Beat sheet",,"0","Black cherry","1","5","3","1","9999","9999"
"216","564","2367","2018-04-12","10:55:00","Beat sheet",,"0","Crepe myrtle","50","28","0","1","9999","9999"
"215","540","2379","2018-04-12","10:15:00","Visual",,"0","Red maple","50","40","1","1","9999","9999"
"214","603","2383","2018-04-12","10:33:00","Visual",,"0","Tulip poplar","50","48","1","1","9999","9999"
"213","585","2383","2018-04-12","10:47:00","Visual",,"0","Tulip poplar","50","60","0","1","9999","9999"
"212","590","2361","2018-04-12","10:38:00","Visual",,"0","Japanese maple","50","45","0","1","9999","9999"
"211","524","2376","2018-04-12","10:52:00","Visual",,"0","Hackberry","50","60","1","1","9999","9999"
"210","611","2368","2018-04-12","10:57:00","Visual",,"0","Ginkgo","50","30","0","1","9999","9999"
"209","516","2369","2018-04-12","10:48:00","Visual",,"0","Catalpa spp.","50","40","0","1","9999","9999"
"208","554","2378","2018-04-12","10:24:00","Visual",,"0","Red maple","50","40","0","1","9999","9999"
"207","547","2381","2018-04-12","10:30:00","Visual",,"0","Red maple","50","60","0","1","9999","9999"
"206","526","2359","2018-04-12","10:23:00","Visual",,"0","Chestnut oak","50","32","1","1","9999","9999"
"205","567","2362","2018-04-12","10:54:00","Visual",,"0","Bigleaf magnolia","50","8","1","1","9999","9999"
"204","544","2391","2018-04-12","10:35:00","Visual",,"0","Dogwood spp.","50","40","3","1","9999","9999"
"203","575","2368","2018-04-12","10:36:00","Visual","Small, dry leaves. Ants were 3mm. Leaves were 15-30mm","0","Ginkgo","50","30","0","1","9999","9999"
"202","568","2404","2018-04-12","10:29:00","Visual",,"0","American beech","50","8","1","1","9999","9999"
"201","518","2368","2018-04-12","10:19:00","Visual",,"0","Ginkgo","50","22","0","1","9999","9999"
"200","521","2382","2018-04-12","10:52:00","Visual","Leaves","0","Tulip poplar","50","35","0","1","9999","9999"
"199","570","2366","2018-04-12","10:30:00","Visual","No leaves","0","Pawpaw","50","1","0","1","9999","9999"
"198","613","2360","2018-04-12","10:32:00","Visual",,"0","Japanese maple","50","50","0","1","9999","9999"
"196","592","2364","2018-04-12","11:00:00","Visual",,"0","Merrill magnolia","50","15","2","1","9999","9999"
"197","542","2366","2018-04-12","10:34:00","Visual","No leaves","0","Pawpaw","50","1","0","1","9999","9999"
"195","527","2387","2018-04-12","10:39:00","Visual",,"0","Japanese maple","50","5","0","1","9999","9999"
"194","602","2404","2018-04-12","10:34:00","Visual",,"1","American beech","50","60","1","1","9999","9999"
"193","490","2389","2018-04-12","10:33:00","Visual",,"0","Japanese maple","50","45","1","1","9999","9999"
"192","551","2355","2018-04-12","10:35:00","Visual",,"0","Cucumbertree","50","60","1","1","9999","9999"
"191","525","2404","2018-04-12","10:20:00","Visual",,"0","American beech","50","60","0","1","9999","9999"
"189","492","2386","2018-04-12","10:42:00","Visual","No leaves","0","Tulip poplar","50","60","0","1","9999","9999"
"190","515","2384","2018-04-12","10:34:00","Visual","Thereâ€™s only a couple of leaves. The branches are growing down. Seems to still be in â€œwinter modeâ€","0","Tulip poplar","50","40","0","1","9999","9999"
"188","609","2404","2018-04-12","10:31:00","Beat sheet",,"0","American beech","500","20","1","1","9999","9999"
"187","221","2404","2018-04-12","10:25:00","Visual",,"0","American beech","50","2","3","1","9999","9999"
"186","25","2704","2018-04-12","09:48:00","Beat sheet",,"0","Black cherry","1","5","2","1","9999","9999"
"185","25","2704","2018-04-12","09:44:00","Visual",,"0","Black cherry","50","5","2","1","9999","9999"
"184","25","2704","2018-04-12","09:41:00","Visual",,"0","Black cherry","50","5","2","1","9999","9999"
"183","25","2704","2018-04-12","09:38:00","Visual",,"0","Black cherry","50","5","1","1","9999","9999"
"182","25","2704","2018-04-12","09:37:00","Visual",,"0","Black cherry","50","5","2","1","9999","9999"
"181","25","2704","2018-04-12","09:36:00","Beat sheet",,"0","Black cherry","1","8","2","1","9999","9999"
"180","25","2704","2018-04-12","09:32:00","Beat sheet",,"0","Black cherry","2","6","2","1","9999","9999"
"179","25","2704","2018-04-12","09:30:00","Beat sheet",,"0","Black cherry","1","5","3","1","9999","9999"
"178","511","2529","2018-04-11","15:12:00","Visual",,"0","Morella cerifera","50","24","1","1","9999","9999"
"177","508","2298","2018-04-11","15:11:00","Visual",,"0","Morella cerifera","50","4","1","1","9999","9999"
"176","508","2299","2018-04-11","15:07:00","Visual",,"0","Ilex vomitoria","50","3","0","1","9999","9999"
"175","511","2526","2018-04-11","15:06:00","Visual",,"0","Symplocos tinctoria","50","60","2","1","9999","9999"
"174","508","2297","2018-04-11","15:04:00","Visual","Burned. No leaves.","0","Chinese tallowtree","50","1","0","1","9999","9999"
"173","508","2295","2018-04-11","14:59:00","Visual",,"0","Morella cerifera","50","9","2","1","9999","9999"
"868","809","1957","2018-04-23","14:05:00","Visual","Different colored leaves","1","Eastern redbud","50","5","0","1","9999","9999"
"867","809","1961","2018-04-23","14:03:00","Visual","Slightly raining outside, wet leaves","1","Unknown","50","8","0","1","9999","9999"
"866","25","2704","2018-04-23","13:14:00","Visual",,"0","Black cherry","50","5","1","1","9999","9999"
"167","508","2294","2018-04-11","14:44:00","Visual",,"0","Ilex vomitoria","50","8","3","1","9999","9999"
"166","511","2522","2018-04-11","14:45:00","Visual",,"0","Symplocos tinctoria","50","11","3","1","9999","9999"
"165","508","2292","2018-04-11","14:39:00","Visual",,"0","Unknown","50","7","1","1","9999","9999"
"164","467","2542","2018-04-09","14:23:00","Beat sheet",,"0","Spicebush","150","2","0","1","9999","9999"
"244","652","2395","2018-04-12","13:39:00","Visual","No leaves yet","0","Small. red flowering but no leaves yet","50","1","0","1","9999","9999"
"245","660","2357","2018-04-12","13:48:00","Visual",,"0","Japanese maple","50","1","0","1","9999","9999"
"246","639","2386","2018-04-12","13:54:00","Visual","Minimal, small leaves","0","Tulip poplar","50","21","0","1","9999","9999"
"247","664","2394","2018-04-12","14:09:00","Visual","Some branches had very small leaves some branches had much bigger leaves","0","Eastern redbud","50","2","1","1","9999","9999"
"248","669","2357","2018-04-12","14:18:00","Visual",,"0","Japanese maple","50","1","0","1","9999","9999"
"249","631","2396","2018-04-12","14:08:00","Visual","Leaves are sprouting","0","Larch spp.","50","40","0","1","9999","9999"
"250","622","2352","2018-04-12","13:59:00","Visual","No leaves on tree.","0","Rocky mountain maple","50","1","0","1","9999","9999"
"251","658","2395","2018-04-12","14:13:00","Visual",,"0","Chestnut oak","50","7","0","1","9999","9999"
"252","632","2395","2018-04-12","13:38:00","Visual",,"0","Cheatnut oak","50","20","0","1","9999","9999"
"253","653","2363","2018-04-12","14:00:00","Visual",,"0","Rose of sharon","50","11","3","1","9999","9999"
"254","407","2053","2018-04-14","15:12:00","Visual",,"0","Beech spp.","50","5","0","1","9999","9999"
"255","358","2054","2018-04-14","15:18:00","Visual",,"0","Eastern redbud","50","2","1","1","9999","9999"
"256","407","2055","2018-04-14","15:25:00","Visual",,"0","Trident maple","50","5","3","1","9999","9999"
"257","680","2026","2018-04-16","10:31:00","Visual",,"1","White oak","50","20","1","1","9999","9999"
"258","677","1998","2018-04-16","12:33:00","Visual","leaves are not wet","0","Elm spp.","50","5","0","1","9999","9999"
"259","681","1997","2018-04-16","12:30:00","Visual",,"0","White oak","50","9","1","1","9999","9999"
"260","677","2001","2018-04-16","12:41:00","Visual",,"0","Black cherry","50","9","0","1","9999","9999"
"261","690","2000","2018-04-16","12:40:00","Visual",,"0","Unknown spp.","50","6","1","1","9999","9999"
"262","681","1999","2018-04-16","12:41:00","Visual",,"0","Black cherry","50","7","0","1","9999","9999"
"263","221","2353","2018-04-16","12:47:00","Visual","This is a test","0","Red maple","50","5","4","1","9999","9999"
"264","225","2150","2018-04-16","01:24:00","Visual","Almost no leaves","0","Pin oak","50","8","4","1","9999","9999"
"265","225","2147","2018-04-16","13:29:00","Visual",,"0","Nutmeg hickory","50","2","1","1","9999","9999"
"266","356","2045","2018-04-16","13:23:00","Visual",,"0","Japanese maple","50","6","1","1","9999","9999"
"267","389","2045","2018-04-16","13:23:00","Visual",,"0","Japanese maple","50","6","1","1","9999","9999"
"268","415","2045","2018-04-16","13:24:00","Visual",,"1","Japanese maple","50","6","1","1","9999","9999"
"269","478","2034","2018-04-16","13:28:00","Visual",,"0","Stiff dogwood","50","15","1","1","9999","9999"
"270","694","2036","2018-04-16","13:28:00","Visual",,"0","Amur maple","50","7","2","1","9999","9999"
"271","356","2046","2018-04-16","13:39:00","Visual",,"0","Chinese quince","50","7","1","1","9999","9999"
"272","389","2043","2018-04-16","13:41:00","Visual",,"0","Fragrant wintersweet","50","10","0","1","9999","9999"
"273","189","1964","2018-04-14","13:12:00","Visual",,"0","Flowering dogwood","50","4","0","1","9999","9999"
"274","697","2033","2018-04-16","13:30:00","Visual",,"0","Japanese apricot","50","4","1","1","9999","9999"
"275","189","1964","2018-04-14","13:15:00","Visual",,"0","Flowering dogwood","50","5","0","1","9999","9999"
"276","415","2044","2018-04-16","13:40:00","Visual",,"0","Carolina silverbell","50","5","1","1","9999","9999"
"277","389","2042","2018-04-16","13:44:00","Visual",,"0","Big-leaf dogwood","50","8","0","1","9999","9999"
"278","189","1965","2018-04-14","13:20:00","Visual",,"0","Flowering dogwood","50","4","0","1","9999","9999"
"279","189","1962","2018-04-14","13:21:00","Visual","tree lacked leaves entirely, so no arthropods were found","0","Flowering dogwood","50","1","0","1","9999","9999"
"280","189","1966","2018-04-14","13:26:00","Visual",,"0","Flowering dogwood","50","4","0","1","9999","9999"
"281","693","2151","2018-04-16","13:54:00","Visual",,"0","Persian ironwood","50","12","2","1","9999","9999"
"282","222","2050","2018-04-16","14:06:00","Visual",,"0","Sweet birch","50","10","0","1","9999","9999"
"283","691","2050","2018-04-16","14:00:00","Visual",,"0","Sweet birch","50","45","0","1","9999","9999"
"284","691","2049","2018-04-16","14:13:00","Visual",,"0","Japanese apricot","50","40","0","1","9999","9999"
"285","691","2051","2018-04-16","14:18:00","Visual",,"0","Yeddo euonymous","50","6","0","1","9999","9999"
"286","691","2047","2018-04-16","14:20:00","Visual",,"0","Willow oak","50","4","1","1","9999","9999"
"287","413","2014","2018-04-16","14:33:00","Visual","3 aphids","0","Elm spp.","50","5","1","1","9999","9999"
"288","413","2013","2018-04-16","14:37:00","Visual",,"0","Sweetgum","50","3","0","1","9999","9999"
"289","413","2012","2018-04-16","14:39:00","Visual",,"0","Elm spp.","50","5","1","1","9999","9999"
"290","413","2015","2018-04-16","14:40:00","Visual",,"0","Elm spp.","50","3","0","1","9999","9999"
"291","683","2026","2018-04-16","14:30:00","Visual",,"0","White oak","50","4","2","1","9999","9999"
"292","413","2016","2018-04-16","14:42:00","Visual",,"0","Unknown spp.","50","10","3","1","9999","9999"
"293","230","2024","2018-04-16","14:30:00","Visual",,"0","Sweetgum","50","5","1","1","9999","9999"
"294","146","2023","2018-04-16","14:39:00","Visual",,"0","Flowering dogwood","50","7","1","1","9999","9999"
"295","155","2041","2018-04-16","14:58:00","Visual",,"0","Red buckeye","50","8","1","1","9999","9999"
"296","262","2037","2018-04-16","15:02:00","Visual",,"0","Japanese apricot","50","4","1","1","9999","9999"
"297","283","2039","2018-04-16","15:03:00","Visual","It rained the previous day and it has been windy.","0","Cornelian-cherry dogwood","50","4","0","1","9999","9999"
"298","700","2039","2018-04-16","15:03:00","Visual",,"0","Cornelian-cherry dogwood","50","4","0","1","9999","9999"
"299","336","2038","2018-04-16","15:08:00","Visual",,"0","Japanese snowbell","50","9","1","1","9999","9999"
"300","250","2141","2018-04-16","15:52:00","Visual","1 lightning bug
Some holes in leaves
1 unidentifiable bug","0","Hedge maple","50","5","1","1","9999","9999"
"301","364","2052","2018-04-14","15:54:00","Beat sheet",,"0","Sugar maple","50","2","0","1","9999","9999"
"302","250","2137","2018-04-16","16:02:00","Visual",,"0","American elm","50","4","0","1","9999","9999"
"303","250","2138","2018-04-16","16:06:00","Visual",,"0","American elm","50","4","0","1","9999","9999"
"304","701","2141","2018-04-16","16:08:00","Visual","No Arthropods found","0","Hedge maple","50","1","1","1","9999","9999"
"305","109","2141","2018-04-16","16:08:00","Visual",,"0","Hedge maple","50","1","1","1","9999","9999"
"306","213","2141","2018-04-16","16:11:00","Visual",,"0","Hedge maple","50","1","1","1","9999","9999"
"307","109","2138","2018-04-16","16:12:00","Visual","Less than 50 leaves on branch","0","American elm","50","1","0","1","9999","9999"
"308","701","2138","2018-04-16","16:15:00","Visual","Less than 50 leaves approximately 25","0","American elm","50","1","0","1","9999","9999"
"309","213","2138","2018-04-16","16:12:00","Visual","Less than 50 leaves","0","American elm","50","1","0","1","9999","9999"
"310","109","2137","2018-04-16","16:16:00","Visual","Sparse leaves on tree as well","0","American elm","50","5","0","1","9999","9999"
"311","701","2137","2018-04-16","16:18:00","Visual","No arthropods found","0","American elm","50","5","0","1","9999","9999"
"312","213","2137","2018-04-16","16:16:00","Visual",,"0","American elm","50","5","0","1","9999","9999"
"313","213","2138","2018-04-16","16:20:00","Visual",,"0","American elm","50","5","0","1","9999","9999"
"314","109","2138","2018-04-16","16:20:00","Visual","Less than 50 leaves on branch","0","American elm","50","5","0","1","9999","9999"
"315","701","2138","2018-04-16","16:21:00","Visual","Less than 50 leaves approximately 25","0","American elm","50","5","0","1","9999","9999"
"316","109","2141","2018-04-16","16:21:00","Visual",,"0","Hedge maple","50","5","1","1","9999","9999"
"317","701","2141","2018-04-16","16:21:00","Visual","No Arthropods found","0","Hedge maple","50","5","1","1","9999","9999"
"318","213","2141","2018-04-16","16:21:00","Visual",,"0","Hedge maple","50","5","1","1","9999","9999"
"319","116","1973","2018-04-16","16:15:00","Visual","Very stormy and windy last night / today","0","Flowering dogwood","50","5","0","1","9999","9999"
"320","703","1976","2018-04-16","16:26:00","Visual","It was rainy and windy the night before","0","Serviceberry spp.","50","4","0","1","9999","9999"
"321","307","1975","2018-04-16","16:29:00","Visual","Did not find anything","0","Southern red oak","50","6","1","1","9999","9999"
"322","111","2022","2018-04-16","14:52:00","Visual",,"0","Flowering dogwood","50","6","3","1","9999","9999"
"323","455","1985","2018-04-16","16:47:00","Visual",,"0","Unknown","50","12","0","1","9999","9999"
"324","702","1985","2018-04-16","16:45:00","Visual",,"0","Unknown","50","12","0","1","9999","9999"
"325","377","1986","2018-04-16","16:45:00","Visual",,"0","Scarlet oak","50","8","1","1","9999","9999"
"326","170","1984","2018-04-16","16:43:00","Visual",,"0","Eastern redbud","50","4","0","1","9999","9999"
"327","374","1983","2018-04-16","16:44:00","Visual",,"0","Eastern redbud","50","5","1","1","9999","9999"
"328","689","1982","2018-04-16","16:30:00","Visual","Spider: 10mm
Gnat: 1mm
About 10 leaves that had indication of a bug being there (holes)","0","Eastern redbud","50","3","2","1","9999","9999"
"329","248","2017","2018-04-16","17:22:00","Visual","pink flowers","0","Eastern redbud","50","3","1","1","9999","9999"
"330","122","2009","2018-04-16","17:25:00","Visual","Chilly and windy","0","Sweetgum","50","5","2","1","9999","9999"
"331","122","2011","2018-04-16","17:30:00","Visual",,"0","Black cherry","50","7","0","1","9999","9999"
"332","248","2019","2018-04-16","17:32:00","Visual","almond shaped leaves, yellowing, balding branches","0","Black cherry","50","5","1","1","9999","9999"
"333","122","2008","2018-04-16","17:33:00","Visual","Rained a lot last night","0","Sugar maple","50","3","1","1","9999","9999"
"334","441","2018","2018-04-16","17:29:00","Visual","Star shaped leaves, green helicopter seeds,","0","Red maple","50","7","3","1","9999","9999"
"335","122","2007","2018-04-16","17:36:00","Visual",,"0","Sugar maple","50","5","2","1","9999","9999"
"336","512","2020","2018-04-16","17:34:00","Visual","Helicopter Seeds & Void of Insects","0","Red maple","50","5","1","1","9999","9999"
"337","441","2021","2018-04-16","17:36:00","Visual","Rigid, fat base with pointy top leaves, very green leaves","0","Flowering dogwood","50","5","0","1","9999","9999"
"338","701","2139","2018-04-16","17:44:00","Visual",,"0","Loebner magnolia","50","9","0","1","9999","9999"
"339","109","2139","2018-04-16","17:45:00","Visual",,"0","Loebner magnolia","50","9","0","1","9999","9999"
"340","122","2010","2018-04-16","17:45:00","Visual",,"0","Black cherry","50","5","3","1","9999","9999"
"341","213","2139","2018-04-16","16:43:00","Visual",,"0","Loebner magnolia","50","9","0","1","9999","9999"
"342","213","2139","2018-04-16","17:53:00","Visual",,"0","Loebner magnolia","50","9","0","1","9999","9999"
"343","706","2006","2018-04-16","17:54:00","Visual",,"0","Elm spp.","50","5","0","1","9999","9999"
"344","706","2005","2018-04-16","18:00:00","Visual",,"0","Eastern redbud","50","2","1","1","9999","9999"
"345","161","2003","2018-04-16","17:57:00","Visual",,"0","Sugar maple","50","7","0","1","9999","9999"
"346","701","2140","2018-04-16","17:47:00","Visual","No leaves present. No Arthropods","0","Willow oak","50","3","0","1","9999","9999"
"347","163","2002","2018-04-16","17:58:00","Visual",,"0","Black cherry","50","4","0","1","9999","9999"
"348","476","2004","2018-04-16","17:58:00","Visual",,"0","Black cherry","50","4","1","1","9999","9999"
"349","163","2004","2018-04-16","18:08:00","Visual",,"0","Black cherry","50","4","1","1","9999","9999"
"350","158","1960","2018-04-16","18:15:00","Visual",,"0","Oak spp.","50","8","1","1","9999","9999"
"351","151","1961","2018-04-16","18:20:00","Visual","56 degrees Fahrenheit and cloudy. Rain and thunderstorms took place the previous day, 04/15/18.","0","Unknown","50","5","1","1","9999","9999"
"352","340","1959","2018-04-16","18:23:00","Visual","Purple flowers on leaves","0","Eastern redbud","50","1","1","1","9999","9999"
"353","151","1957","2018-04-16","18:24:00","Visual","It was pretty cold out and had bad weather the day before","0","Eastern redbud","50","3","0","1","9999","9999"
"354","151","1958","2018-04-16","18:26:00","Visual",,"0","Siberian elm","50","8","1","1","9999","9999"
"355","109","2139","2018-04-16","17:06:00","Visual","No leaves on tree","0","Loebner magnolia","50","1","0","1","9999","9999"
"356","710","2139","2018-04-16","22:08:00","Visual",,"0","Loebner magnolia","50","9","0","1","9999","9999"
"357","710","2140","2018-04-16","22:09:00","Visual",,"0","Willow oak","50","1","0","1","9999","9999"
"358","710","2137","2018-04-16","22:11:00","Visual",,"0","American elm","50","5","0","1","9999","9999"
"359","710","2138","2018-04-16","22:11:00","Visual",,"0","American elm","50","5","0","1","9999","9999"
"360","710","2141","2018-04-16","22:12:00","Visual",,"0","Hedge maple","50","5","0","1","9999","9999"
"361","713","1968","2018-04-17","09:00:00","Visual",,"0","Eastern redbud","50","2","0","1","9999","9999"
"362","173","1967","2018-04-17","09:00:00","Visual",,"0","Unknown","50","2","1","1","9999","9999"
"363","713","1971","2018-04-17","08:54:00","Visual",,"0","Unknown","50","4","0","1","9999","9999"
"364","678","1970","2018-04-17","08:51:00","Visual",,"0","Unknown","50","10","0","1","9999","9999"
"365","678","1971","2018-04-17","08:57:00","Visual",,"0","Unknown","50","12","0","1","9999","9999"
"366","712","1969","2018-04-17","08:52:00","Visual",,"0","White oak","50","4","1","1","9999","9999"
"367","704","1970","2018-04-17","09:06:00","Visual","Nothing was seen","1","Unknown","50","50","0","1","9999","9999"
"368","704","1970","2018-04-17","09:06:00","Visual",,"1","Unknown","50","50","0","1","9999","9999"
"369","714","1968","2018-04-17","08:50:00","Visual",,"0","Eastern redbud","50","8","0","1","9999","9999"
"370","714","1967","2018-04-17","08:55:00","Visual",,"0","Unknown","50","5","0","1","9999","9999"
"371","187","1969","2018-04-17","09:01:00","Visual",,"0","White oak","50","12","0","1","9999","9999"
"372","187","1968","2018-04-17","09:04:00","Visual",,"0","Eastern redbud","50","7","0","1","9999","9999"
"373","721","1982","2018-04-17","11:00:00","Visual",,"0","Eastern redbud","50","2","0","1","9999","9999"
"374","334","1984","2018-04-17","11:09:00","Visual",,"0","Eastern redbud","50","3","1","1","9999","9999"
"375","718","1983","2018-04-17","11:09:00","Visual",,"0","Eastern redbud","50","1","1","1","9999","9999"
"376","334","1985","2018-04-17","11:12:00","Visual",,"0","Unknown","50","5","0","1","9999","9999"
"377","721","1986","2018-04-17","11:14:00","Visual",,"0","Scarlet oak","50","5","1","1","9999","9999"
"378","388","2039","2018-04-17","11:50:00","Visual",,"0","Cornelian-cherry dogwood","50","3","0","1","9999","9999"
"379","199","2038","2018-04-17","11:54:00","Visual",,"0","Japanese snowbell","50","10","0","1","9999","9999"
"380","130","1975","2018-04-17","12:17:00","Visual",,"0","Southern red oak","50","5","0","1","9999","9999"
"381","234","1972","2018-04-17","12:15:00","Visual",,"0","Flowering dogwood","50","7","0","1","9999","9999"
"382","130","1974","2018-04-17","12:21:00","Visual",,"0","Yellow-poplar","50","8","0","1","9999","9999"
"383","107","1973","2018-04-17","12:19:00","Visual",,"0","Flowering dogwood","50","3","1","1","9999","9999"
"384","715","1976","2018-04-17","12:19:00","Visual",,"0","Serviceberry spp.","50","5","0","1","9999","9999"
"385","437","2037","2018-04-17","12:33:00","Visual",,"0","Japanese apricot","50","6","1","1","9999","9999"
"386","438","2040","2018-04-16","00:37:00","Visual","Still missing some leaves but mostly there. Light green color","0","Weeping knoss dogwood","50","3","1","1","9999","9999"
"387","236","2011","2018-04-17","14:02:00","Visual","Windy day, temperature 55 degrees Fahrenheit","0","Black cherry","50","9","0","1","9999","9999"
"388","238","2008","2018-04-17","14:09:00","Visual",,"0","Sugar maple","50","4","0","1","9999","9999"
"389","271","2146","2018-04-17","14:21:00","Visual",,"0","American beech","50","13","1","1","9999","9999"
"390","724","2144","2018-04-17","14:25:00","Visual",,"0","American beech","50","5","0","1","9999","9999"
"391","421","2007","2018-04-17","14:32:00","Visual",,"0","Sugar maple","50","3","1","1","9999","9999"
"392","194","1997","2018-04-17","15:06:00","Visual",,"0","White oak","50","12","2","1","9999","9999"
"393","432","1998","2018-04-17","15:10:00","Visual",,"0","Elm spp.","50","2","0","1","9999","9999"
"394","194","2000","2018-04-17","15:13:00","Visual",,"0","Unknown spp.","50","10","0","1","9999","9999"
"395","366","2143","2018-04-14","14:15:00","Visual",,"0","Ironwood","50","7","1","1","9999","9999"
"396","194","2001","2018-04-17","15:15:00","Visual",,"0","Black cherry","50","9","2","1","9999","9999"
"397","194","1999","2018-04-17","15:19:00","Visual",,"0","Black cherry","50","10","0","1","9999","9999"
"398","220","1963","2018-04-17","16:00:00","Visual",,"0","Flowering dogwood","50","35","0","1","9999","9999"
"399","110","1964","2018-04-17","16:02:00","Visual",,"0","Flowering dogwood","50","5","0","1","9999","9999"
"400","220","1962","2018-04-17","16:03:00","Visual","Leaves have not flowered yet, still budding","0","Flowering dogwood","50","1","0","1","9999","9999"
"401","423","2156","2018-04-17","16:05:00","Visual",,"0","Horned maple","50","5","0","1","9999","9999"
"402","206","1966","2018-04-17","16:08:00","Visual",,"0","Flowering dogwood","50","3","0","1","9999","9999"
"403","299","1965","2018-04-17","16:03:00","Visual",,"0","Flowering dogwood","50","4","1","1","9999","9999"
"404","725","2152","2018-04-17","15:57:00","Visual",,"0","Dogwood spp.","50","5","1","1","9999","9999"
"405","184","2152","2018-04-17","16:08:00","Visual",,"0","Dogwood spp.","50","5","1","1","9999","9999"
"406","725","2153","2018-04-17","16:15:00","Visual",,"0","Osage orange","50","4","1","1","9999","9999"
"407","184","2155","2018-04-17","16:15:00","Visual",,"0","Witch hazel","50","15","0","1","9999","9999"
"408","725","2154","2018-04-17","16:18:00","Visual",,"0","Spicebush","50","5","0","1","9999","9999"
"409","684","1978","2018-04-17","16:55:00","Visual",,"0","Red maple","50","4","0","1","9999","9999"
"410","728","1979","2018-04-17","16:58:00","Visual",,"0","Southern red oak","50","3","1","1","9999","9999"
"411","216","2153","2018-04-17","16:57:00","Visual",,"0","Osage orange","50","3","1","1","9999","9999"
"412","129","2015","2018-04-17","17:04:00","Visual",,"0","Elm spp.","50","5","1","1","9999","9999"
"413","279","2150","2018-04-17","17:06:00","Visual",,"0","Pin oak","50","7","1","1","9999","9999"
"414","726","2016","2018-04-17","17:10:00","Visual","No arthropods on the 50 leaves but 3 leaves worth of holes on leftmost tree in group.","0","Unknown spp.","50","4","2","1","9999","9999"
"415","339","2013","2018-04-17","17:10:00","Visual","One bug, 2 groups of eggs, one hole in leaf","0","Sweetgum","50","4","1","1","9999","9999"
"416","726","2012","2018-04-17","17:13:00","Visual",,"0","Elm spp.","50","6","0","1","9999","9999"
"417","192","2022","2018-04-17","17:12:00","Visual",,"0","Flowering dogwood","50","7","0","1","9999","9999"
"418","192","2023","2018-04-17","17:15:00","Visual",,"0","Flowering dogwood","50","6","0","1","9999","9999"
"419","192","2026","2018-04-17","17:16:00","Visual",,"0","White oak","50","9","0","1","9999","9999"
"420","260","2148","2018-04-17","17:16:00","Visual",,"0","Basswood spp.","50","8","0","1","9999","9999"
"421","729","2049","2018-04-17","17:12:00","Visual",,"0","Japanese apricot","50","6","1","1","9999","9999"
"422","192","2025","2018-04-17","17:18:00","Visual",,"0","Sweetgum","50","6","1","1","9999","9999"
"423","729","2048","2018-04-17","17:19:00","Visual",,"0","European spindletree","50","5","1","1","9999","9999"
"424","729","2050","2018-04-17","17:21:00","Visual",,"0","Sweet birch","50","7","0","1","9999","9999"
"425","729","2051","2018-04-17","17:22:00","Visual",,"0","Yeddo euonymous","50","10","0","1","9999","9999"
"426","729","2047","2018-04-17","17:26:00","Visual",,"0","Willow oak","50","7","1","1","9999","9999"
"427","260","2149","2018-04-17","17:28:00","Visual",,"0","Spicebush","50","5","0","1","9999","9999"
"428","279","2147","2018-04-17","17:28:00","Visual",,"0","Nutmeg hickory","50","2","0","1","9999","9999"
"429","350","2033","2018-04-17","17:22:00","Visual",,"0","Japanese apricot","50","4","1","1","9999","9999"
"430","260","2151","2018-04-17","17:30:00","Visual",,"0","Persian ironwood","50","7","2","1","9999","9999"
"431","350","2034","2018-04-17","17:30:00","Visual",,"0","Stiff dogwood","50","5","1","1","9999","9999"
"432","350","2036","2018-04-17","17:32:00","Visual",,"0","Amur maple","50","5","2","1","9999","9999"
"433","727","1991","2018-04-17","17:12:00","Beat sheet",,"0","Flowering dogwood","50","5","1","1","9999","9999"
"434","731","1990","2018-04-17","17:29:00","Beat sheet","1","0","Flowering dogwood","50","5","1","1","9999","9999"
"435","731","1988","2018-04-17","17:40:00","Beat sheet","2","0","American beech","1","5","0","1","9999","9999"
"436","727","1987","2018-04-17","17:39:00","Beat sheet",,"0","White oak","400","8","2","1","9999","9999"
"437","731","1989","2018-04-17","17:42:00","Beat sheet","3","0","Red maple","500","7","1","1","9999","9999"
"438","711","2032","2018-04-17","17:44:00","Visual",,"0","Japanese apricot","50","3","1","1","9999","9999"
"439","730","1973","2018-04-17","17:17:00","Visual",,"0","Flowering dogwood","50","4","0","1","9999","9999"
"440","195","1978","2018-04-17","18:23:00","Visual",,"0","Red maple","50","3","0","1","9999","9999"
"441","505","1978","2018-04-17","18:20:00","Visual",,"0","Red maple","50","3","0","1","9999","9999"
"442","166","1996","2018-04-17","18:21:00","Visual",,"0","Elm spp.","50","5","2","1","9999","9999"
"443","505","1978","2018-04-17","18:29:00","Visual",,"0","Red maple","50","3","0","1","9999","9999"
"444","195","1978","2018-04-17","18:29:00","Visual",,"0","Red maple","50","3","0","1","9999","9999"
"445","195","1978","2018-04-17","18:32:00","Visual",,"0","Red maple","50","3","0","1","9999","9999"
"446","434","2050","2018-04-17","18:32:00","Visual",,"0","Sweet birch","50","7","0","1","9999","9999"
"447","310","2049","2018-04-17","18:41:00","Visual",,"0","Japanese apricot","50","6","1","1","9999","9999"
"448","717","2048","2018-04-17","18:40:00","Visual",,"0","European spindletree","50","4","1","1","9999","9999"
"449","310","2047","2018-04-17","18:44:00","Visual",,"0","Willow oak","50","5","0","1","9999","9999"
"450","434","2051","2018-04-17","18:41:00","Visual",,"0","Yeddo euonymous","50","6","1","1","9999","9999"
"451","406","2012","2018-04-16","14:30:00","Visual",,"0","Elm spp.","50","8","0","1","9999","9999"
"452","406","2013","2018-04-16","14:30:00","Visual",,"0","Sweetgum","50","6","0","1","9999","9999"
"453","406","2014","2018-04-16","14:30:00","Visual",,"0","Elm spp.","50","7","1","1","9999","9999"
"454","406","2015","2018-04-16","14:30:00","Visual",,"0","Elm spp.","50","8","2","1","9999","9999"
"455","406","2016","2018-04-16","14:30:00","Visual",,"0","Unknown spp.","50","9","1","1","9999","9999"
"456","331","2017","2018-04-15","16:35:00","Visual","Windy, cold day","0","Eastern redbud","50","4","0","1","9999","9999"
"457","417","1994","2018-04-18","08:57:00","Visual",,"0","Unknown spp.","50","5","1","1","9999","9999"
"458","66","1855","2018-04-18","10:29:00","Visual",,"0","American beech","50","5","0","1","9999","9999"
"459","66","1852","2018-04-18","10:31:00","Visual","Lots of galls","0","White oak","50","5","1","1","9999","9999"
"460","66","1853","2018-04-18","10:34:00","Visual",,"0","American holly","50","8","0","1","9999","9999"
"461","66","1854","2018-04-18","10:35:00","Visual",,"0","Sweetgum","50","6","0","1","9999","9999"
"462","66","1861","2018-04-18","10:39:00","Visual",,"0","Red maple","50","7","0","1","9999","9999"
"463","66","1858","2018-04-18","10:42:00","Visual",,"0","American hornbeam","50","5","1","1","9999","9999"
"464","66","1857","2018-04-18","10:45:00","Visual",,"0","Red maple","50","9","0","1","9999","9999"
"465","66","1860","2018-04-18","10:47:00","Visual",,"0","American beech","50","6","1","1","9999","9999"
"466","66","1859","2018-04-18","10:50:00","Visual",,"0","American hornbeam","50","5","2","1","9999","9999"
"467","66","1866","2018-04-18","10:59:00","Visual",,"0","Sweetgum","50","4","0","1","9999","9999"
"468","66","1862","2018-04-18","11:00:00","Visual",,"0","Blueberry","50","4","0","1","9999","9999"
"469","66","1865","2018-04-18","11:04:00","Visual",,"0","Sweetleaf","50","4","1","1","9999","9999"
"470","66","1864","2018-04-18","11:09:00","Visual",,"0","Vaccinium","50","4","0","1","9999","9999"
"471","66","1863","2018-04-18","11:11:00","Visual",,"0","Blackgum","50","4","1","1","9999","9999"
"472","66","1871","2018-04-18","11:17:00","Visual",,"0","Sweetgum","50","4","0","1","9999","9999"
"473","66","1867","2018-04-18","11:21:00","Beat sheet",,"0","Pignut hickory","50","9","1","1","9999","9999"
"474","720","2152","2018-04-18","11:16:00","Visual","White flowers have blossomed","0","Dogwood spp.","50","4","1","1","9999","9999"
"475","66","1870","2018-04-18","11:30:00","Visual",,"0","Unknown","50","5","1","1","9999","9999"
"476","291","2025","2018-04-16","17:00:00","Visual",,"0","Sweetgum","50","5","0","1","9999","9999"
"477","738","2142","2018-04-18","13:21:00","Visual",,"0","Possumhaw","50","6","0","1","9999","9999"
"478","738","2146","2018-04-18","13:24:00","Visual",,"0","American beech","50","6","0","1","9999","9999"
"479","736","2029","2018-04-19","13:15:00","Visual",,"0","Dogwood spp.","50","2","0","1","9999","9999"
"480","738","2143","2018-04-18","13:40:00","Visual",,"0","Ironwood","50","5","1","1","9999","9999"
"481","738","2144","2018-04-18","13:49:00","Visual",,"0","American beech","50","7","1","1","9999","9999"
"482","342","2045","2018-04-18","14:02:00","Visual","With Samantha metcalf and Daniel cronin","0","Japanese maple","50","6","0","1","9999","9999"
"483","147","2042","2018-04-18","14:04:00","Visual",,"0","Big-leaf dogwood","50","5","0","1","9999","9999"
"484","674","2044","2018-04-18","14:12:00","Visual",,"0","Carolina silverbell","50","5","0","1","9999","9999"
"485","66","2159","2018-04-18","14:15:00","Visual",,"0","Pignut hickory","50","7","0","1","9999","9999"
"486","342","2043","2018-04-18","14:20:00","Visual",,"0","Fragrant wintersweet","50","4","1","1","9999","9999"
"487","66","2157","2018-04-18","14:16:00","Visual",,"0","Black cherry","50","7","2","1","9999","9999"
"488","66","2160","2018-04-18","14:22:00","Visual",,"0","Pignut hickory","50","7","1","1","9999","9999"
"489","66","2158","2018-04-18","14:28:00","Visual",,"0","American beech","50","7","0","1","9999","9999"
"490","204","2015","2018-04-18","14:28:00","Visual",,"0","Elm spp.","50","5","0","1","9999","9999"
"491","66","2161","2018-04-18","14:29:00","Visual",,"0","Mockernut hickory","50","10","0","1","9999","9999"
"492","204","2016","2018-04-18","14:31:00","Visual",,"0","Unknown spp.","50","6","1","1","9999","9999"
"493","204","2014","2018-04-18","14:33:00","Visual",,"0","Elm spp.","50","4","0","1","9999","9999"
"494","204","1962","2018-04-18","14:36:00","Visual","No leaves","0","Flowering dogwood","50","1","0","1","9999","9999"
"495","204","1966","2018-04-18","14:37:00","Visual",,"0","Flowering dogwood","50","7","0","1","9999","9999"
"496","204","1965","2018-04-18","14:38:00","Visual",,"0","Flowering dogwood","50","4","0","1","9999","9999"
"497","66","2852","2018-04-18","14:39:00","Visual",,"0","American beech","50","8","0","1","9999","9999"
"498","204","1964","2018-04-18","14:40:00","Visual",,"0","Flowering dogwood","50","5","0","1","9999","9999"
"499","204","1963","2018-04-18","14:41:00","Visual",,"0","Flowering dogwood","50","10","1","1","9999","9999"
"500","66","2851","2018-04-18","14:40:00","Visual",,"0","American holly","50","8","1","1","9999","9999"
"501","738","2145","2018-04-18","14:42:00","Visual",,"0","American beech","50","5","0","1","9999","9999"
"502","738","2143","2018-04-18","14:43:00","Visual",,"0","Ironwood","50","5","1","1","9999","9999"
"503","66","2856","2018-04-18","14:47:00","Visual",,"0","Chestnut oak","50","12","1","1","9999","9999"
"504","66","2853","2018-04-18","14:49:00","Visual",,"0","Pignut hickory","50","9","1","1","9999","9999"
"505","66","2854","2018-04-18","14:51:00","Visual",,"0","Black cherry","50","5","1","1","9999","9999"
"506","66","2855","2018-04-18","14:54:00","Visual",,"0","Sweetgum","50","5","0","1","9999","9999"
"507","66","2857","2018-04-18","14:56:00","Visual",,"0","White oak","50","5","1","1","9999","9999"
"508","66","2877","2018-04-18","14:57:00","Visual",,"0","Chestnut oak","50","7","0","1","9999","9999"
"509","66","2875","2018-04-18","15:00:00","Visual",,"0","American beech","50","6","0","1","9999","9999"
"510","66","2876","2018-04-18","15:03:00","Visual",,"0","American holly","50","8","1","1","9999","9999"
"511","66","2874","2018-04-18","15:06:00","Visual",,"0","Unknown","50","4","0","1","9999","9999"
"512","94","1988","2018-04-18","15:10:00","Visual",,"0","American beech","50","2","0","1","9999","9999"
"513","66","2880","2018-04-18","15:11:00","Visual",,"0","Maple leaf viburnum","50","5","0","1","9999","9999"
"514","94","1990","2018-04-18","15:11:00","Visual",,"0","Flowering dogwood","50","5","0","1","9999","9999"
"515","66","2878","2018-04-18","15:12:00","Visual",,"0","Red maple","50","6","0","1","9999","9999"
"516","94","1987","2018-04-18","15:12:00","Visual",,"0","White oak","50","5","1","1","9999","9999"
"517","66","2879","2018-04-18","15:13:00","Visual",,"0","Red maple","50","4","0","1","9999","9999"
"518","94","1991","2018-04-18","15:14:00","Visual",,"0","Flowering dogwood","50","3","1","1","9999","9999"
"519","66","2881","2018-04-18","15:15:00","Visual",,"0","Sweetgum","50","5","0","1","9999","9999"
"520","94","1990","2018-04-18","15:16:00","Visual",,"0","Flowering dogwood","50","4","0","1","9999","9999"
"521","66","2886","2018-04-18","15:24:00","Visual",,"0","Maple leaf viburnum","50","4","0","1","9999","9999"
"522","66","2887","2018-04-18","15:25:00","Visual",,"0","American holly","50","6","0","1","9999","9999"
"523","66","2884","2018-04-18","15:26:00","Visual",,"0","Red maple","50","7","0","1","9999","9999"
"524","66","2883","2018-04-18","15:27:00","Visual",,"0","Red maple","50","9","0","1","9999","9999"
"525","66","2885","2018-04-18","15:28:00","Visual",,"0","American beech","50","3","0","1","9999","9999"
"526","312","1977","2018-04-18","15:31:00","Visual",,"0","Eastern redbud","50","4","0","1","9999","9999"
"527","312","1980","2018-04-18","15:40:00","Visual",,"0","Serviceberry spp.","50","4","1","1","9999","9999"
"528","322","1959","2018-04-18","16:09:00","Visual",,"0","Eastern redbud","50","2","0","1","9999","9999"
"529","240","1957","2018-04-18","16:07:00","Visual",,"0","Eastern redbud","50","2","1","1","9999","9999"
"530","744","1960","2018-04-18","16:14:00","Beat sheet","Nothing found. <1% herbivory","0","Oak spp.","75","6","0","1","9999","9999"
"531","143","1960","2018-04-18","16:15:00","Visual",,"0","Oak spp.","50","6","1","1","9999","9999"
"532","744","1958","2018-04-18","16:17:00","Beat sheet",,"0","Siberian elm","50","6","0","1","9999","9999"
"533","742","2055","2018-04-18","16:01:00","Visual",,"0","Trident maple","50","9","1","1","9999","9999"
"534","743","2054","2018-04-18","16:13:00","Visual",,"0","Eastern redbud","50","2","0","1","9999","9999"
"535","137","2056","2018-04-18","16:20:00","Visual",,"0","Yeddo euonymous","50","10","2","1","9999","9999"
"536","335","2056","2018-04-18","16:17:00","Visual",,"0","Yeddo euonymous","50","10","1","1","9999","9999"
"537","91","2053","2018-04-18","16:24:00","Visual",,"0","Beech spp.","50","4","0","1","9999","9999"
"538","743","2053","2018-04-18","16:24:00","Visual",,"0","Beech spp.","50","5","0","1","9999","9999"
"539","742","2052","2018-04-18","16:30:00","Visual",,"0","Sugar maple","50","4","0","1","9999","9999"
"540","79","2545","2018-04-18","16:32:00","Beat sheet",,"0","White oak","50","5","0","1","9999","9999"
"541","417","1993","2018-04-18","17:09:00","Visual",,"0","Sweetgum","50","1","0","1","9999","9999"
"542","417","1995","2018-04-18","17:11:00","Visual",,"0","Unknown spp.","50","3","0","1","9999","9999"
"543","417","1996","2018-04-18","17:13:00","Visual",,"0","Elm spp.","50","10","0","1","9999","9999"
"544","306","2005","2018-04-18","17:16:00","Visual",,"0","Eastern redbud","50","3","0","1","9999","9999"
"545","417","1992","2018-04-18","17:16:00","Visual",,"0","Unknown spp.","50","5","1","1","9999","9999"
"546","306","2006","2018-04-18","17:18:00","Visual",,"0","Elm spp.","50","6","2","1","9999","9999"
"547","306","2003","2018-04-18","17:25:00","Visual",,"0","Sugar maple","50","7","1","1","9999","9999"
"548","306","2004","2018-04-18","17:27:00","Visual",,"0","Black cherry","50","8","1","1","9999","9999"
"549","306","2002","2018-04-18","17:28:00","Visual",,"0","Black cherry","50","8","1","1","9999","9999"
"550","153","2023","2018-04-18","16:10:00","Visual",,"0","Flowering dogwood","50","6","0","1","9999","9999"
"551","79","2546","2018-04-18","17:56:00","Beat sheet",,"0","American holly","75","1","1","1","9999","9999"
"552","79","2542","2018-04-18","18:02:00","Beat sheet",,"0","Spicebush","55","4","1","1","9999","9999"
"553","79","2542","2018-04-18","18:06:00","Beat sheet",,"0","Spicebush","50","3","1","1","9999","9999"
"554","79","2544","2018-04-18","18:10:00","Beat sheet",,"0","Spicebush","75","4","1","1","9999","9999"
"555","79","2543","2018-04-18","18:14:00","Beat sheet",,"0","Carolina silverbell","50","4","0","1","9999","9999"
"556","79","2549","2018-04-18","18:16:00","Beat sheet",,"0","Highbush blueberry","50","5","0","1","9999","9999"
"557","79","2547","2018-04-18","18:17:00","Beat sheet",,"0","American hornbeam","1","1","0","1","9999","9999"
"558","79","2550","2018-04-18","18:21:00","Beat sheet",,"0","American hornbeam","55","4","0","1","9999","9999"
"559","79","2550","2018-04-18","18:23:00","Beat sheet",,"0","American hornbeam","50","4","0","1","9999","9999"
"560","79","2551","2018-04-18","18:26:00","Beat sheet",,"0","American hornbeam","50","4","0","1","9999","9999"
"561","79","2553","2018-04-18","18:27:00","Beat sheet",,"0","American hornbeam","50","4","0","1","9999","9999"
"562","79","2552","2018-04-18","18:43:00","Beat sheet",,"0","Flowering dogwood","75","5","0","1","9999","9999"
"563","79","2554","2018-04-18","18:45:00","Beat sheet",,"0","American hornbeam","60","4","0","1","9999","9999"
"564","79","2555","2018-04-18","18:48:00","Beat sheet",,"0","Sweetgum","50","3","0","1","9999","9999"
"565","79","2548","2018-04-18","18:50:00","Beat sheet",,"0","Sweetgum","60","4","0","1","9999","9999"
"566","79","2556","2018-04-18","18:51:00","Beat sheet",,"0","Sweetgum","50","4","0","1","9999","9999"
"567","79","2537","2018-04-18","18:53:00","Beat sheet",,"0","Red maple","60","6","0","1","9999","9999"
"568","79","2539","2018-04-18","18:56:00","Beat sheet",,"0","American hornbeam","50","4","0","1","9999","9999"
"569","79","2540","2018-04-18","18:58:00","Beat sheet",,"0","American hornbeam","50","4","0","1","9999","9999"
"570","79","2541","2018-04-18","19:01:00","Beat sheet",,"0","Red maple","50","3","1","1","9999","9999"
"571","79","2538","2018-04-18","19:05:00","Beat sheet",,"0","American hornbeam","50","4","0","1","9999","9999"
"572","79","2532","2018-04-18","19:07:00","Beat sheet",,"0","American hornbeam","60","4","0","1","9999","9999"
"573","79","2533","2018-04-18","19:08:00","Beat sheet",,"0","Sweetgum","50","5","0","1","9999","9999"
"574","79","2536","2018-04-18","19:09:00","Beat sheet",,"0","Sweetgum","60","5","0","1","9999","9999"
"575","79","2535","2018-04-18","19:10:00","Beat sheet","No leaves on tree","0","Eastern redbud","1","1","0","1","9999","9999"
"576","79","2534","2018-04-18","19:11:00","Beat sheet",,"0","Tuliptree","12","5","0","1","9999","9999"
"577","79","2570","2018-04-18","19:13:00","Beat sheet",,"0","Sweetgum","50","4","0","1","9999","9999"
"578","79","2567","2018-04-18","19:14:00","Beat sheet",,"0","Sugar maple","50","5","0","1","9999","9999"
"579","79","2571","2018-04-18","19:15:00","Beat sheet",,"0","Sweetgum","60","5","0","1","9999","9999"
"580","79","2566","2018-04-18","19:17:00","Beat sheet",,"0","American hornbeam","50","4","0","1","9999","9999"
"581","79","2568","2018-04-18","19:18:00","Beat sheet","Could not find location","0","American hornbeam","1","1","0","1","9999","9999"
"582","79","2565","2018-04-18","19:41:00","Beat sheet",,"0","American hornbeam","50","4","0","1","9999","9999"
"583","79","2569","2018-04-18","19:43:00","Beat sheet",,"0","American hornbeam","50","4","0","1","9999","9999"
"584","79","2562","2018-04-18","19:46:00","Beat sheet",,"0","American hornbeam","50","4","0","1","9999","9999"
"585","79","2564","2018-04-18","19:48:00","Beat sheet",,"0","American hornbeam","50","4","0","1","9999","9999"
"586","79","2563","2018-04-18","19:50:00","Beat sheet",,"0","American hornbeam","50","3","0","1","9999","9999"
"587","79","2564","2018-04-18","19:52:00","Beat sheet",,"0","American hornbeam","50","4","0","1","9999","9999"
"588","79","2561","2018-04-18","19:55:00","Beat sheet",,"0","American hornbeam","50","3","0","1","9999","9999"
"589","79","2557","2018-04-18","19:56:00","Beat sheet",,"0","American hornbeam","50","4","0","1","9999","9999"
"590","79","2560","2018-04-18","19:59:00","Beat sheet",,"0","American hornbeam","50","4","0","1","9999","9999"
"591","79","2558","2018-04-18","20:00:00","Beat sheet",,"0","American hornbeam","50","4","0","1","9999","9999"
"592","79","2559","2018-04-18","20:01:00","Beat sheet",,"0","American hornbeam","50","4","0","1","9999","9999"
"593","673","2029","2018-04-13","01:00:00","Visual","It was quite hot that day.","0","Dogwood spp.","50","8","1","1","9999","9999"
"594","233","2037","2018-04-19","08:50:00","Visual",,"0","Japanese apricot","50","5","1","1","9999","9999"
"595","233","2038","2018-04-19","08:57:00","Visual",,"0","Japanese snowbell","50","6","0","1","9999","9999"
"596","281","2041","2018-04-19","08:57:00","Visual",,"0","Red buckeye","50","5","2","1","9999","9999"
"597","256","2039","2018-04-19","08:57:00","Visual",,"0","Cornelian-cherry dogwood","50","5","0","1","9999","9999"
"598","748","2040","2018-04-19","08:58:00","Visual",,"0","Weeping knoss dogwood","50","6","1","1","9999","9999"
"599","175","1983","2018-04-19","09:04:00","Visual",,"0","Eastern redbud","50","2","0","1","9999","9999"
"600","142","1982","2018-04-19","09:03:00","Visual",,"0","Eastern redbud","50","3","1","1","9999","9999"
"601","26","2693","2018-04-12","13:47:00","Visual",,"0","Sugar maple","50","25","1","1","9999","9999"
"602","113","1984","2018-04-19","09:09:00","Visual",,"0","Eastern redbud","50","5","1","1","9999","9999"
"603","95","1986","2018-04-19","09:16:00","Visual",,"0","Scarlet oak","50","5","0","1","9999","9999"
"604","129","2014","2018-04-17","17:10:00","Visual",,"0","Elm spp.","50","6","1","1","9999","9999"
"605","133","2153","2018-04-19","10:05:00","Visual",,"0","Osage orange","50","3","1","1","9999","9999"
"606","381","1964","2018-04-19","11:01:00","Visual",,"0","Flowering dogwood","50","5","0","1","9999","9999"
"607","188","2049","2018-04-19","11:06:00","Visual",,"0","Japanese apricot","50","6","1","1","9999","9999"
"608","381","1965","2018-04-19","11:09:00","Visual",,"0","Flowering dogwood","50","5","1","1","9999","9999"
"609","381","1962","2018-04-19","11:10:00","Visual",,"0","Flowering dogwood","50","3","0","1","9999","9999"
"610","381","1966","2018-04-19","11:11:00","Visual",,"0","Flowering dogwood","50","6","0","1","9999","9999"
"611","747","2144","2018-04-19","11:09:00","Visual",,"0","American beech","50","4","0","1","9999","9999"
"612","228","2145","2018-04-19","11:08:00","Visual","1 Bug- looks like baby lady bug","0","American beech","50","3","0","1","9999","9999"
"613","750","2146","2018-04-19","10:47:00","Visual",,"0","American beech","50","10","1","1","9999","9999"
"614","188","2047","2018-04-19","11:15:00","Visual",,"0","Willow oak","50","5","0","1","9999","9999"
"615","188","2051","2018-04-19","11:17:00","Visual",,"0","Yeddo euonymous","50","7","1","1","9999","9999"
"616","188","2050","2018-04-19","11:25:00","Visual",,"0","Sweet birch","50","6","1","1","9999","9999"
"617","439","2152","2018-04-19","11:30:00","Visual",,"0","Dogwood spp.","50","3","1","1","9999","9999"
"618","270","2153","2018-04-19","11:46:00","Visual",,"0","Osage orange","50","2","1","1","9999","9999"
"619","755","2156","2018-04-19","11:41:00","Visual",,"0","Horned maple","50","5","1","1","9999","9999"
"620","754","2155","2018-04-19","11:50:00","Visual",,"0","Witch hazel","50","10","1","1","9999","9999"
"621","249","1996","2018-04-19","12:07:00","Visual",,"0","Elm spp.","50","8","0","1","9999","9999"
"622","379","1995","2018-04-19","12:09:00","Visual",,"0","Unknown spp.","50","3","0","1","9999","9999"
"623","169","1959","2018-04-19","12:26:00","Visual",,"0","Eastern redbud","50","3","0","1","9999","9999"
"624","169","1957","2018-04-19","12:31:00","Visual",,"0","Eastern redbud","50","2","0","1","9999","9999"
"625","756","1961","2018-04-19","12:29:00","Beat sheet",,"0","Unknown","50","6","0","1","9999","9999"
"626","169","1958","2018-04-19","12:35:00","Visual",,"0","Siberian elm","50","7","1","1","9999","9999"
"627","756","1960","2018-04-19","12:46:00","Beat sheet",,"0","Oak spp.","50","12","2","1","9999","9999"
"628","344","2016","2018-04-18","13:30:00","Visual",,"0","Unknown spp.","50","7","0","1","9999","9999"
"629","347","2014","2018-04-19","13:30:00","Visual",,"0","Elm spp.","50","6","0","1","9999","9999"
"630","484","2045","2018-04-19","13:29:00","Visual","No arthrpods found","0","Japanese maple","50","10","0","1","9999","9999"
"631","759","2013","2018-04-19","13:26:00","Beat sheet",,"0","Sweetgum","50","3","0","1","9999","9999"
"632","758","2015","2018-04-19","13:32:00","Visual",,"0","Elm spp.","50","7","2","1","9999","9999"
"633","484","2046","2018-04-19","13:33:00","Visual","All the leaves were very average size and similar looking.","0","Chinese quince","50","15","1","1","9999","9999"
"634","484","2042","2018-04-19","13:35:00","Visual",,"0","Big-leaf dogwood","50","30","1","1","9999","9999"
"635","96","2012","2018-04-19","13:30:00","Visual","I saw dots on the leaves that were small and brown and looked like eggs. There were 7 eggs on each. The leaves were small.","0","Elm spp.","50","2","1","1","9999","9999"
"636","484","2043","2018-04-19","13:38:00","Visual",,"0","Fragrant wintersweet","50","17","2","1","9999","9999"
"637","484","2052","2018-04-19","13:39:00","Visual",,"0","Sugar maple","50","30","1","1","9999","9999"
"638","371","2145","2018-04-19","15:01:00","Visual",,"0","American beech","50","5","1","1","9999","9999"
"639","273","2143","2018-04-19","15:05:00","Beat sheet",,"0","Ironwood","50","5","1","1","9999","9999"
"640","237","2144","2018-04-19","15:00:00","Visual",,"0","American beech","50","10","1","1","9999","9999"
"641","371","2143","2018-04-19","15:07:00","Visual",,"0","Ironwood","50","6","1","1","9999","9999"
"642","324","2146","2018-04-19","15:09:00","Visual",,"0","American beech","50","2","0","1","9999","9999"
"643","324","2145","2018-04-19","15:14:00","Visual",,"0","American beech","50","2","0","1","9999","9999"
"644","433","2142","2018-04-19","15:13:00","Visual",,"0","Possumhaw","50","10","1","1","9999","9999"
"645","376","2146","2018-04-19","15:10:00","Visual",,"0","American beech","50","10","2","1","9999","9999"
"646","212","2034","2018-04-19","15:19:00","Visual",,"0","Stiff dogwood","50","8","1","1","9999","9999"
"647","480","2033","2018-04-19","15:20:00","Visual","Some tiny bites taken out of sun leaves, which at the time, were in the sunlight","0","Japanese apricot","50","3","1","1","9999","9999"
"648","765","2032","2018-04-19","15:22:00","Beat sheet",,"0","Japanese apricot","500","5","2","1","9999","9999"
"649","685","2035","2018-04-19","15:17:00","Visual",,"0","Dogwood spp.","50","9","0","1","9999","9999"
"650","764","2036","2018-04-19","15:18:00","Visual","Sunny Day","0","Amur maple","50","11","1","1","9999","9999"
"651","93","2155","2018-04-19","15:32:00","Visual","No leaves, no bugs found.","0","Witch hazel","50","5","1","1","9999","9999"
"652","120","1998","2018-04-19","15:31:00","Visual",,"0","Elm spp.","50","3","2","1","9999","9999"
"653","741","2156","2018-04-19","15:32:00","Visual","Leaves but no anthropods","0","Horned maple","50","11","0","1","9999","9999"
"654","267","1997","2018-04-19","15:32:00","Visual",,"0","White oak","50","10","3","1","9999","9999"
"655","227","2001","2018-04-19","15:32:00","Visual",,"0","Black cherry","50","6","1","1","9999","9999"
"656","682","1999","2018-04-19","15:36:00","Visual","Very windy could have blown creatures off, found no live arthropods","0","Black cherry","50","7","0","1","9999","9999"
"657","741","2152","2018-04-19","15:41:00","Visual","Leaves with flowers","0","Dogwood spp.","50","6","0","1","9999","9999"
"658","416","2038","2018-04-19","15:41:00","Visual",,"0","Japanese snowbell","50","8","0","1","9999","9999"
"659","386","2037","2018-04-19","15:48:00","Visual",,"0","Japanese apricot","50","7","1","1","9999","9999"
"660","741","2153","2018-04-19","15:49:00","Visual","Some leaves","0","Osage orange","50","8","0","1","9999","9999"
"661","416","2039","2018-04-19","15:54:00","Visual",,"0","Cornelian-cherry dogwood","50","4","0","1","9999","9999"
"662","398","2040","2018-04-19","15:55:00","Visual",,"0","Weeping knoss dogwood","50","30","1","1","9999","9999"
"663","741","2154","2018-04-19","15:51:00","Visual",,"0","Spicebush","50","6","0","1","9999","9999"
"664","416","2041","2018-04-19","15:58:00","Visual",,"0","Red buckeye","50","8","3","1","9999","9999"
"665","232","1988","2018-04-19","16:06:00","Visual","No leaves; pretzel like.","0","American beech","50","3","0","1","9999","9999"
"666","359","1987","2018-04-19","16:07:00","Visual",,"0","White oak","50","8","0","1","9999","9999"
"667","232","1989","2018-04-19","16:10:00","Visual","Leaves have been eaten, no Arthropods.","0","Red maple","50","5","1","1","9999","9999"
"668","232","1991","2018-04-19","16:13:00","Visual",,"0","Flowering dogwood","50","5","0","1","9999","9999"
"669","105","2008","2018-04-19","16:16:00","Visual",,"0","Sugar maple","50","7","1","1","9999","9999"
"670","716","2008","2018-04-19","16:16:00","Visual",,"0","Sugar maple","50","7","1","1","9999","9999"
"671","105","2011","2018-04-19","16:19:00","Visual",,"0","Black cherry","50","9","0","1","9999","9999"
"672","401","2050","2018-04-19","16:15:00","Visual","Several leaves have holes like an insect had been eating but no insects present","0","Sweet birch","50","7","1","1","9999","9999"
"673","246","2009","2018-04-19","16:16:00","Visual","Branch was bent and isolated from the other tree branches. Most exposed to wind. Also the only branch low enough to count leaves while I stand on the ground.","0","Sweetgum","50","5","0","1","9999","9999"
"674","716","2010","2018-04-19","16:23:00","Visual",,"0","Black cherry","50","10","1","1","9999","9999"
"675","768","1963","2018-04-19","16:25:00","Visual","Very windy day","0","Flowering dogwood","50","8","0","1","9999","9999"
"676","246","2009","2018-04-19","16:26:00","Visual","Only surveyable branch is isolated from the rest. This submission might be a duplicate because I don't know if the first of this exact same tree submitted.","0","Sweetgum","50","5","0","1","9999","9999"
"677","268","1964","2018-04-19","16:20:00","Visual","Very windy","0","Flowering dogwood","50","7","1","1","9999","9999"
"678","737","2003","2018-04-19","16:20:00","Visual",,"0","Sugar maple","50","6","2","1","9999","9999"
"679","277","1962","2018-04-19","16:23:00","Visual","Although sunny, very windy today.
Leaves are very scarce and small.","0","Flowering dogwood","50","3","0","1","9999","9999"
"680","300","1966","2018-04-19","16:18:00","Visual","Windy day. Sunny. Warm.","0","Flowering dogwood","50","6","0","1","9999","9999"
"681","767","1965","2018-04-19","16:22:00","Visual","Very windy","0","Flowering dogwood","50","3","1","1","9999","9999"
"682","401","2051","2018-04-19","16:32:00","Visual","Web on edge of leaf, no other signs of insects","0","Yeddo euonymous","50","5","0","1","9999","9999"
"683","769","2048","2018-04-19","16:41:00","Visual","Windy
New growth
64*","0","European spindletree","50","8","0","1","9999","9999"
"684","769","2049","2018-04-19","16:57:00","Visual","Windy","0","Japanese apricot","50","5","3","1","9999","9999"
"685","769","2047","2018-04-19","16:58:00","Visual","Windy
64*F","0","Willow oak","50","7","1","1","9999","9999"
"686","390","2140","2018-04-19","17:01:00","Visual",,"0","Willow oak","50","25","2","1","9999","9999"
"687","145","2052","2018-04-19","17:04:00","Visual","Most of the leaves were not bitten but there was a clump of 5 leaves that had dried up or had gotten eaten.","0","Sugar maple","50","4","1","1","9999","9999"
"688","293","2055","2018-04-19","17:02:00","Visual",,"0","Trident maple","50","9","2","1","9999","9999"
"689","217","2053","2018-04-19","17:01:00","Visual",,"0","Beech spp.","50","8","0","1","9999","9999"
"690","100","2017","2018-04-19","17:01:00","Visual","Very windy at time of count.","0","Eastern redbud","50","4","1","1","9999","9999"
"691","362","2020","2018-04-19","17:07:00","Visual","Very windy, branches moved a lot","0","Red maple","50","7","1","1","9999","9999"
"692","145","2056","2018-04-19","17:11:00","Visual",,"0","Yeddo euonymous","50","8","2","1","9999","9999"
"693","513","2018","2018-04-19","16:57:00","Visual",,"0","Red maple","50","6","2","1","9999","9999"
"694","302","2018","2018-04-19","17:11:00","Visual","very windy and a bit chilly, could contribute to the lack of bugs seen on the tree. 
I saw one lady bug","0","Red maple","50","10","0","1","9999","9999"
"695","351","2023","2018-04-19","17:13:00","Visual",,"0","Flowering dogwood","50","5","0","1","9999","9999"
"696","103","2022","2018-04-19","17:13:00","Visual",,"0","Flowering dogwood","50","5","0","1","9999","9999"
"697","343","2019","2018-04-19","17:00:00","Visual",,"0","Black cherry","50","6","1","1","9999","9999"
"698","103","2024","2018-04-19","17:16:00","Visual",,"0","Sweetgum","50","4","1","1","9999","9999"
"699","775","2138","2018-04-19","17:10:00","Visual","Serrated leaves, rough looking","0","American elm","50","50","0","1","9999","9999"
"700","351","2026","2018-04-19","17:17:00","Visual",,"0","White oak","50","6","3","1","9999","9999"
"701","390","2141","2018-04-19","17:21:00","Visual",,"0","Hedge maple","50","30","0","1","9999","9999"
"702","411","1968","2018-04-19","17:14:00","Visual",,"0","Eastern redbud","50","3","1","1","9999","9999"
"703","771","1992","2018-04-19","17:22:00","Visual",,"0","Unknown spp.","50","2","0","1","9999","9999"
"704","775","2137","2018-04-19","17:20:00","Visual",,"0","American elm","50","50","1","1","9999","9999"
"705","88","1996","2018-04-19","17:24:00","Visual",,"0","Elm spp.","50","5","0","1","9999","9999"
"706","411","1971","2018-04-19","17:25:00","Visual",,"0","Unknown","50","4","0","1","9999","9999"
"707","771","1992","2018-04-19","17:26:00","Visual",,"0","Unknown spp.","50","2","1","1","9999","9999"
"708","751","2005","2018-04-19","17:22:00","Visual",,"0","Eastern redbud","50","4","0","1","9999","9999"
"709","390","2139","2018-04-19","17:26:00","Visual",,"0","Loebner magnolia","50","45","0","1","9999","9999"
"710","88","1995","2018-04-19","17:27:00","Visual",,"0","Unknown spp.","50","2","0","1","9999","9999"
"711","771","1993","2018-04-19","17:27:00","Visual",,"0","Sweetgum","50","1","0","1","9999","9999"
"712","411","1967","2018-04-19","17:27:00","Visual",,"0","Unknown","50","1","0","1","9999","9999"
"713","776","2005","2018-04-19","17:22:00","Visual",,"0","Eastern redbud","50","4","0","1","9999","9999"
"714","771","1993","2018-04-19","17:28:00","Visual",,"0","Sweetgum","50","1","1","1","9999","9999"
"715","88","1994","2018-04-19","17:28:00","Visual",,"0","Unknown spp.","50","3","1","1","9999","9999"
"716","103","2025","2018-04-19","17:30:00","Visual",,"0","Sweetgum","50","5","1","1","9999","9999"
"717","751","2003","2018-04-19","17:28:00","Visual",,"0","Sugar maple","50","8","1","1","9999","9999"
"718","370","2003","2018-04-19","17:26:00","Visual","Roughly 6 leaves had slight herbivory markings","0","Sugar maple","50","8","1","1","9999","9999"
"719","88","1994","2018-04-19","17:31:00","Visual",,"0","Unknown spp.","50","3","1","1","9999","9999"
"720","370","2005","2018-04-19","17:31:00","Visual",,"0","Eastern redbud","50","4","1","1","9999","9999"
"721","88","1994","2018-04-19","17:31:00","Visual",,"0","Unknown spp.","50","3","1","1","9999","9999"
"722","771","1993","2018-04-19","17:31:00","Visual",,"0","Sweetgum","50","1","1","1","9999","9999"
"723","418","1970","2018-04-19","17:20:00","Visual",,"0","Unknown","50","6","0","1","9999","9999"
"724","751","2004","2018-04-19","17:33:00","Visual",,"0","Black cherry","50","6","0","1","9999","9999"
"725","370","2006","2018-04-19","17:33:00","Visual","Looks like severe herbivory on some leaves, while there is none on others.","0","Elm spp.","50","6","1","1","9999","9999"
"726","776","2004","2018-04-19","17:33:00","Visual",,"0","Black cherry","50","6","0","1","9999","9999"
"727","370","2004","2018-04-19","17:38:00","Visual",,"0","Black cherry","50","7","0","1","9999","9999"
"728","751","2004","2018-04-19","17:40:00","Visual",,"0","Black cherry","50","7","0","1","9999","9999"
"729","751","2006","2018-04-19","17:41:00","Visual",,"0","Elm spp.","50","6","1","1","9999","9999"
"730","776","2002","2018-04-19","17:41:00","Visual",,"0","Black cherry","50","11","0","1","9999","9999"
"731","370","2002","2018-04-19","17:49:00","Visual",,"0","Black cherry","50","11","0","1","9999","9999"
"732","405","2029","2018-04-19","13:30:00","Visual","Small Tree, No Arthropods","0","Dogwood spp.","50","3","2","1","9999","9999"
"733","405","2030","2018-04-19","13:32:00","Visual","Small Tree","0","Witch hazel","50","3","1","1","9999","9999"
"734","777","2054","2020-04-19","17:30:00","Visual","Very windy","0","Eastern redbud","50","4","0","1","9999","9999"
"735","125","2152","2018-04-19","16:45:00","Visual",,"0","Dogwood spp.","50","6","1","1","9999","9999"
"736","125","2153","2018-04-19","17:00:00","Visual",,"0","Osage orange","50","3","0","1","9999","9999"
"737","125","2156","2018-04-19","17:10:00","Visual",,"0","Horned maple","50","9","1","1","9999","9999"
"738","125","2154","2018-04-19","17:15:00","Visual",,"0","Spicebush","50","8","1","1","9999","9999"
"739","125","2155","2018-04-19","17:20:00","Visual",,"0","Witch hazel","50","7","1","1","9999","9999"
"740","331","2018","2018-04-15","16:40:00","Visual","Windy","0","Red maple","50","7","0","1","9999","9999"
"741","331","2019","2018-04-15","16:45:00","Visual","Windy","0","Black cherry","50","8","0","1","9999","9999"
"742","177","1987","2018-04-20","10:46:00","Visual",,"0","White oak","50","9","1","1","9999","9999"
"743","177","1988","2018-04-20","10:53:00","Visual",,"0","American beech","50","7","0","1","9999","9999"
"744","177","1989","2018-04-20","10:56:00","Visual",,"1","Red maple","50","8","0","1","9999","9999"
"745","177","1990","2018-04-20","10:58:00","Visual",,"0","Flowering dogwood","50","6","0","1","9999","9999"
"746","177","1991","2018-04-20","10:59:00","Visual",,"0","Flowering dogwood","50","5","0","1","9999","9999"
"747","472","1995","2018-04-20","12:09:00","Visual",,"0","Unknown spp.","50","2","0","1","9999","9999"
"748","354","1995","2018-04-20","12:17:00","Visual","There were no bugs on the 50 leaves I observed. One of the leaves, however, had bites taken out of it.","0","Unknown spp.","50","2","0","1","9999","9999"
"749","25","2704","2018-04-20","12:20:00","Beat sheet",,"0","Black cherry","1","5","2","1","9999","9999"
"750","25","2704","2018-04-20","12:21:00","Beat sheet",,"0","Black cherry","1","3","3","1","9999","9999"
"751","25","2703","2018-04-20","12:21:00","Beat sheet",,"0","Birch spp.","1","3","2","1","9999","9999"
"752","25","2704","2018-04-20","12:21:00","Beat sheet",,"0","Black cherry","1","5","0","1","9999","9999"
"753","25","2704","2018-04-20","12:22:00","Beat sheet",,"0","Black cherry","1","5","2","1","9999","9999"
"754","25","2693","2018-04-20","12:24:00","Beat sheet",,"0","Sugar maple","1","5","2","1","9999","9999"
"755","25","2693","2018-04-20","12:25:00","Beat sheet",,"0","Sugar maple","5","5","3","1","9999","9999"
"756","241","2029","2018-04-20","13:30:00","Visual",,"0","Dogwood spp.","50","6","1","1","9999","9999"
"757","241","2030","2018-04-20","13:30:00","Visual",,"0","Witch hazel","50","8","1","1","9999","9999"
"758","241","2027","2018-04-20","13:30:00","Visual",,"0","Buckeye spp.","50","10","1","1","9999","9999"
"759","25","2693","2018-04-20","12:26:00","Visual",,"0","Sugar maple","50","25","1","1","9999","9999"
"760","25","2693","2018-04-20","12:30:00","Visual",,"0","Sugar maple","50","5","3","1","9999","9999"
"761","25","2693","2018-04-20","12:35:00","Visual",,"0","Sugar maple","50","5","3","1","9999","9999"
"762","25","2704","2018-04-20","12:58:00","Visual",,"0","Black cherry","50","2","2","1","9999","9999"
"763","405","2030","2018-04-20","01:30:00","Visual","Small Tree","0","Witch hazel","50","3","1","1","9999","9999"
"764","405","2031","2018-04-20","13:40:00","Visual","Lots of extensive branches","0","Buckeye spp.","50","4","2","1","9999","9999"
"765","761","1986","2018-04-19","13:50:00","Visual","Windy and sunny","0","Scarlet oak","50","5","0","1","9999","9999"
"766","391","1974","2018-04-20","13:13:00","Visual",,"0","Yellow-poplar","50","9","0","1","9999","9999"
"767","780","1973","2018-04-20","13:17:00","Visual",,"0","Flowering dogwood","50","8","0","1","9999","9999"
"768","780","1973","2018-04-20","13:19:00","Visual",,"0","Flowering dogwood","50","8","0","1","9999","9999"
"769","397","2001","2018-04-20","13:16:00","Visual",,"0","Black cherry","50","8","2","1","9999","9999"
"770","782","2001","2018-04-20","13:16:00","Visual",,"0","Black cherry","50","9","2","1","9999","9999"
"771","172","1976","2018-04-20","13:14:00","Visual",,"0","Serviceberry spp.","50","3","1","1","9999","9999"
"772","782","2000","2018-04-20","13:21:00","Visual",,"0","Unknown spp.","50","7","0","1","9999","9999"
"773","783","1980","2018-04-20","13:16:00","Visual",,"0","Serviceberry spp.","50","5","1","1","9999","9999"
"774","397","2000","2018-04-20","13:21:00","Visual",,"0","Unknown spp.","50","8","0","1","9999","9999"
"775","278","1979","2018-04-20","13:10:00","Visual",,"0","Southern red oak","50","8","0","1","9999","9999"
"776","264","1978","2018-04-20","13:17:00","Visual",,"0","Red maple","50","3","0","1","9999","9999"
"777","397","1999","2018-04-20","13:24:00","Visual",,"0","Black cherry","50","7","0","1","9999","9999"
"778","782","1999","2018-04-20","13:23:00","Visual",,"0","Black cherry","50","6","0","1","9999","9999"
"779","780","1975","2018-04-20","13:26:00","Visual",,"0","Southern red oak","50","5","0","1","9999","9999"
"780","264","1977","2018-04-20","13:25:00","Visual",,"0","Eastern redbud","50","4","0","1","9999","9999"
"781","784","1972","2018-04-20","13:23:00","Visual","no bugs
flowers 
leaves almost perfectly in tact","0","Flowering dogwood","50","8","0","1","9999","9999"
"782","782","1997","2018-04-20","13:25:00","Visual",,"0","White oak","50","15","2","1","9999","9999"
"783","397","1997","2018-04-20","13:25:00","Visual",,"0","White oak","50","15","2","1","9999","9999"
"784","252","1981","2018-04-20","13:30:00","Visual",,"0","Serviceberry spp.","50","8","0","1","9999","9999"
"785","397","1998","2018-04-20","13:29:00","Visual",,"0","Elm spp.","50","4","0","1","9999","9999"
"786","782","1998","2018-04-20","13:29:00","Visual",,"0","Elm spp.","50","5","0","1","9999","9999"
"787","462","2023","2018-04-19","14:00:00","Visual",,"0","Flowering dogwood","50","6","0","1","9999","9999"
"788","253","2013","2018-05-20","14:10:00","Visual",,"0","Sweetgum","50","2","0","1","9999","9999"
"789","781","2009","2018-04-20","14:12:00","Visual",,"0","Sweetgum","50","5","1","1","9999","9999"
"790","449","2007","2018-04-20","14:14:00","Visual",,"0","Sugar maple","50","7","0","1","9999","9999"
"791","449","2011","2018-04-20","14:20:00","Visual",,"0","Black cherry","50","10","0","1","9999","9999"
"792","449","2010","2018-04-20","14:29:00","Visual",,"0","Black cherry","50","3","1","1","9999","9999"
"793","405","2027","2018-04-20","13:55:00","Visual",,"0","Buckeye spp.","50","3","2","1","9999","9999"
"794","361","2008","2018-04-20","14:13:00","Visual",,"0","Sugar maple","50","8","1","1","9999","9999"
"795","736","2029","2018-04-19","13:20:00","Visual",,"0","Dogwood spp.","50","2","0","1","9999","9999"
"796","736","2029","2018-04-19","13:25:00","Visual",,"0","Dogwood spp.","50","4","1","1","9999","9999"
"797","785","2006","2018-04-21","11:12:00","Visual","Few wet leaves and jagged edges leaces","1","Elm spp.","50","25","1","1","9999","9999"
"798","786","2002","2018-04-21","11:08:00","Visual","Low tree, jagged leaves, branches not bent, good position","0","Black cherry","50","5","1","1","9999","9999"
"799","314","2004","2018-04-21","11:18:00","Visual","Branch in tact. Leaves okay","0","Black cherry","50","5","0","1","9999","9999"
"800","328","2151","2018-04-21","15:38:00","Visual",,"0","Persian ironwood","50","8","2","1","9999","9999"
"801","313","2149","2018-04-21","15:30:00","Visual",,"0","Spicebush","50","8","2","1","9999","9999"
"802","128","2149","2018-04-21","15:39:00","Visual",,"0","Spicebush","50","9","1","1","9999","9999"
"803","789","2150","2018-04-21","15:52:00","Visual","Very dead tree","0","Pin oak","50","5","0","1","9999","9999"
"804","313","2147","2018-04-21","16:01:00","Visual",,"0","Nutmeg hickory","50","4","1","1","9999","9999"
"805","183","2030","2018-04-21","16:00:00","Visual",,"0","Witch hazel","50","6","1","1","9999","9999"
"806","333","2029","2018-08-21","16:30:00","Visual",,"0","Dogwood spp.","50","5","1","1","9999","9999"
"807","269","2028","2018-04-21","16:30:00","Visual",,"0","Buckeye spp.","50","9","2","1","9999","9999"
"808","443","2045","2018-04-19","15:15:00","Visual",,"0","Japanese maple","50","5","0","1","9999","9999"
"809","210","2042","2018-04-19","12:30:00","Visual",,"0","Big-leaf dogwood","50","5","2","1","9999","9999"
"810","165","2046","2018-04-19","14:30:00","Visual","Groups 79-80","0","Chinese quince","50","30","1","1","9999","9999"
"811","409","2043","2018-04-19","14:00:00","Visual","Out of all of the leaves and branches I checked, 1 insect was found. A few leaves on the Fragrant Bittersweet had holes in them, indicating that arthropods were indeed present.","0","Fragrant wintersweet","50","15","1","1","9999","9999"
"812","795","1973","2018-04-22","12:07:00","Visual",,"0","Flowering dogwood","50","6","0","1","9999","9999"
"813","242","1976","2018-04-22","12:07:00","Visual",,"0","Serviceberry spp.","50","3","0","1","9999","9999"
"814","330","1975","2018-04-22","12:01:00","Visual",,"0","Southern red oak","50","12","1","1","9999","9999"
"815","791","1972","2018-04-22","12:06:00","Visual",,"0","Flowering dogwood","50","6","1","1","9999","9999"
"816","266","1974","2018-04-22","12:08:00","Visual",,"0","Yellow-poplar","50","10","0","1","9999","9999"
"817","792","2139","2018-04-22","12:48:00","Visual",,"0","Loebner magnolia","50","8","1","1","9999","9999"
"818","247","2141","2018-04-22","12:47:00","Visual",,"0","Hedge maple","50","6","1","1","9999","9999"
"819","798","2138","2018-04-22","12:53:00","Visual",,"0","American elm","50","5","0","1","9999","9999"
"820","792","2137","2018-04-22","12:53:00","Visual",,"0","American elm","50","6","1","1","9999","9999"
"821","259","2138","2018-04-22","12:48:00","Visual",,"0","American elm","50","5","0","1","9999","9999"
"822","797","2140","2018-04-22","12:54:00","Visual","no leaves, dead branch","0","Willow oak","50","1","0","1","9999","9999"
"823","504","2053","2018-04-22","13:06:00","Visual",,"0","Beech spp.","50","20","2","1","9999","9999"
"824","424","2054","2018-04-22","13:09:00","Visual",,"0","Eastern redbud","50","5","1","1","9999","9999"
"825","794","2056","2018-04-22","13:10:00","Visual",,"0","Yeddo euonymous","50","14","1","1","9999","9999"
"826","466","2055","2018-04-22","13:09:00","Visual",,"0","Trident maple","50","5","2","1","9999","9999"
"827","504","2052","2018-04-22","13:18:00","Visual",,"0","Sugar maple","50","6","0","1","9999","9999"
"828","309","1967","2018-04-22","14:38:00","Visual","No leaves, nothing spotted","1","Unknown","50","5","0","1","9999","9999"
"829","179","1971","2018-04-22","14:30:00","Visual",,"0","Unknown","50","4","0","1","9999","9999"
"830","309","1968","2018-04-22","14:42:00","Visual","Small leaves","0","Eastern redbud","50","5","1","1","9999","9999"
"831","179","1970","2018-04-22","14:45:00","Visual",,"0","Unknown","50","7","0","1","9999","9999"
"832","179","1967","2018-04-22","14:51:00","Visual",,"0","Unknown","50","16","0","1","9999","9999"
"833","179","1969","2018-04-22","14:51:00","Visual",,"0","White oak","50","15","0","1","9999","9999"
"834","799","1969","2018-04-22","14:38:00","Visual",,"0","White oak","50","5","0","1","9999","9999"
"835","801","1960","2018-04-22","15:50:00","Visual","0 arthropods","0","Oak spp.","50","9","0","1","9999","9999"
"836","801","1961","2018-04-22","15:59:00","Visual",,"0","Unknown","50","3","0","1","9999","9999"
"837","801","1960","2018-04-22","16:02:00","Visual",,"0","Oak spp.","50","5","0","1","9999","9999"
"838","98","1957","2018-04-22","16:07:00","Visual",,"0","Eastern redbud","50","7","0","1","9999","9999"
"839","801","1958","2018-04-22","16:10:00","Visual",,"0","Siberian elm","50","6","1","1","9999","9999"
"840","802","2025","2018-04-19","14:00:00","Visual","leaves uneaten

2cm leaf
5mm ant with wings

2cm leaf
3mm ant with wings

2.5cm leaf
4mm ant with wings","0","Sweetgum","50","3","0","1","9999","9999"
"841","185","2024","2018-04-19","13:45:00","Visual","I found three bugs in total. Two were ants and one I couldnâ€™t identify. Two were 5 mm on a 1.5 inch uneaten leaf. The other was a 2 mm but on a 1 inch uneaten leaf.","0","Sweetgum","50","2","0","1","9999","9999"
"842","779","2026","2018-04-19","14:00:00","Visual",,"0","White oak","50","7","1","1","9999","9999"
"843","196","1971","2018-04-22","14:45:00","Visual","No arthropods","0","Unknown","50","2","1","1","9999","9999"
"844","803","2148","2018-04-22","16:37:00","Visual",,"0","Basswood spp.","50","3","0","1","9999","9999"
"845","803","2150","2018-04-22","17:11:00","Visual",,"0","Pin oak","50","8","1","1","9999","9999"
"846","803","2149","2018-04-22","17:19:00","Visual",,"0","Spicebush","50","4","0","1","9999","9999"
"847","803","2147","2018-04-22","17:25:00","Visual",,"0","Nutmeg hickory","50","3","0","1","9999","9999"
"848","803","2151","2018-04-22","17:32:00","Visual",,"0","Persian ironwood","50","8","1","1","9999","9999"
"849","134","2033","2018-04-22","17:59:00","Visual",,"0","Japanese apricot","50","2","1","1","9999","9999"
"850","804","2034","2018-04-22","17:58:00","Visual",,"0","Stiff dogwood","50","4","1","1","9999","9999"
"851","123","2036","2018-04-22","18:09:00","Visual",,"0","Amur maple","50","3","1","1","9999","9999"
"852","123","2035","2018-04-22","18:11:00","Visual",,"0","Dogwood spp.","50","5","0","1","9999","9999"
"853","123","2032","2018-04-22","18:12:00","Visual",,"0","Japanese apricot","50","3","3","1","9999","9999"
"854","805","2020","2018-04-22","18:30:00","Visual",,"0","Red maple","50","8","1","1","9999","9999"
"855","805","2018","2018-04-22","18:32:00","Visual",,"0","Red maple","50","9","1","1","9999","9999"
"856","805","2019","2018-04-22","18:34:00","Visual",,"0","Black cherry","50","5","0","1","9999","9999"
"857","805","2021","2018-04-22","18:39:00","Visual",,"0","Flowering dogwood","50","5","0","1","9999","9999"
"858","805","2017","2018-04-22","18:41:00","Visual",,"0","Eastern redbud","50","3","0","1","9999","9999"
"859","761","1982","2018-04-22","20:42:00","Visual",,"0","Eastern redbud","50","7","0","1","9999","9999"
"860","761","1983","2018-04-19","13:45:00","Visual",,"0","Eastern redbud","50","6","1","1","9999","9999"
"861","761","1984","2018-04-19","13:46:00","Visual",,"0","Eastern redbud","50","7","3","1","9999","9999"
"862","761","1985","2018-04-19","13:48:00","Visual","Bird poop on leaves","0","Unknown","50","5","2","1","9999","9999"
"863","806","2043","2018-04-19","15:00:00","Visual",,"0","Fragrant wintersweet","50","10","3","1","9999","9999"
"864","451","2041","2018-04-17","12:42:00","Visual",,"0","Red buckeye","50","20","0","1","9999","9999"
"865","391","1976","2018-04-23","11:50:00","Visual",,"0","Serviceberry spp.","50","12","0","1","9999","9999"
